shotID,arenaAdjustedShotDistance,arenaAdjustedXCord,arenaAdjustedXCordABS,arenaAdjustedYCord,arenaAdjustedYCordAbs,averageRestDifference,awayEmptyNet,awayPenalty1Length,awayPenalty1TimeLeft,awaySkatersOnIce,awayTeamCode,awayTeamGoals,defendingTeamAverageTimeOnIce,defendingTeamAverageTimeOnIceOfDefencemen,defendingTeamAverageTimeOnIceOfDefencemenSinceFaceoff,defendingTeamAverageTimeOnIceOfForwards,defendingTeamAverageTimeOnIceOfForwardsSinceFaceoff,defendingTeamAverageTimeOnIceSinceFaceoff,defendingTeamDefencemenOnIce,defendingTeamForwardsOnIce,defendingTeamMaxTimeOnIce,defendingTeamMaxTimeOnIceOfDefencemen,defendingTeamMaxTimeOnIceOfDefencemenSinceFaceoff,defendingTeamMaxTimeOnIceOfForwards,defendingTeamMaxTimeOnIceOfForwardsSinceFaceoff,defendingTeamMaxTimeOnIceSinceFaceoff,defendingTeamMinTimeOnIce,defendingTeamMinTimeOnIceOfDefencemen,defendingTeamMinTimeOnIceOfDefencemenSinceFaceoff,defendingTeamMinTimeOnIceOfForwards,defendingTeamMinTimeOnIceOfForwardsSinceFaceoff,defendingTeamMinTimeOnIceSinceFaceoff,distanceFromLastEvent,event,game_id,goal,goalieIdForShot,goalieNameForShot,homeEmptyNet,homePenalty1Length,homePenalty1TimeLeft,homeSkatersOnIce,homeTeamCode,homeTeamGoals,homeTeamWon,id,isHomeTeam,isPlayoffGame,lastEventCategory,lastEventShotAngle,lastEventShotDistance,lastEventTeam,lastEventxCord,lastEventxCord_adjusted,lastEventyCord,lastEventyCord_adjusted,location,offWing,period,playerNumThatDidEvent,playerNumThatDidLastEvent,playerPositionThatDidEvent,season,shooterLeftRight,shooterName,shooterPlayerId,shooterTimeOnIce,shooterTimeOnIceSinceFaceoff,shootingTeamAverageTimeOnIce,shootingTeamAverageTimeOnIceOfDefencemen,shootingTeamAverageTimeOnIceOfDefencemenSinceFaceoff,shootingTeamAverageTimeOnIceOfForwards,shootingTeamAverageTimeOnIceOfForwardsSinceFaceoff,shootingTeamAverageTimeOnIceSinceFaceoff,shootingTeamDefencemenOnIce,shootingTeamForwardsOnIce,shootingTeamMaxTimeOnIce,shootingTeamMaxTimeOnIceOfDefencemen,shootingTeamMaxTimeOnIceOfDefencemenSinceFaceoff,shootingTeamMaxTimeOnIceOfForwards,shootingTeamMaxTimeOnIceOfForwardsSinceFaceoff,shootingTeamMaxTimeOnIceSinceFaceoff,shootingTeamMinTimeOnIce,shootingTeamMinTimeOnIceOfDefencemen,shootingTeamMinTimeOnIceOfDefencemenSinceFaceoff,shootingTeamMinTimeOnIceOfForwards,shootingTeamMinTimeOnIceOfForwardsSinceFaceoff,shootingTeamMinTimeOnIceSinceFaceoff,shotAngle,shotAngleAdjusted,shotAnglePlusRebound,shotAnglePlusReboundSpeed,shotAngleReboundRoyalRoad,shotDistance,shotGeneratedRebound,shotGoalieFroze,shotOnEmptyNet,shotPlayContinuedInZone,shotPlayContinuedOutsideZone,shotPlayStopped,shotRebound,shotRush,shotType,shotWasOnGoal,speedFromLastEvent,team,teamCode,time,timeDifferenceSinceChange,timeSinceFaceoff,timeSinceLastEvent,timeUntilNextEvent,xCord,xCordAdjusted,xFroze,xGoal,xPlayContinuedInZone,xPlayContinuedOutsideZone,xPlayStopped,xRebound,xShotWasOnGoal,yCord,yCordAdjusted
0,38,-58,58,-22,22,0,0,0,0,5,CHI,0,6.4,10,1,4,1,1,2,3,19,19,1,10,1,1,1,1,1,1,1,1,11,SHOT,20001,0,8481519,Spencer Knight,0,0,0,5,FLA,0,1,14,1,0,FAC,0,0,HOME,-69,69,-22,22,AWAYZONE,1,1,17,0,C,2025,R,Evan Rodrigues,8478542,10,1,11.8,14,1,10.33333333,1,1,2,3,14,14,1,11,1,1,10,14,1,10,1,1,35.36246189,35.36246189,0,0,0,38.01315562,0,1,0,0,0,0,0,0,WRIST,1,11,HOME,FLA,76,0,1,1,1,-58,58,0.308458,0.0175103,0.350448,0.253295,0.0355627,0.0347267,0.791506,-22,22
1,59,-33,33,-19,19,0,0,0,0,5,CHI,0,25.4,29,3,23,3,3,2,3,38,38,3,29,3,3,20,20,3,20,3,3,36.12478374,SHOT,20001,0,8481519,Spencer Knight,0,0,0,5,FLA,0,1,19,1,0,FAC,0,0,HOME,-69,69,-22,22,AWAYZONE,0,1,42,0,D,2025,L,Gustav Forsling,8478055,33,3,15,33,3,3,3,3,2,3,33,33,3,3,3,3,3,33,3,3,3,3,18.74134045,18.74134045,0,0,0,59.13543777,0,1,0,0,0,0,0,0,SLAP,1,12.04159458,HOME,FLA,95,0,3,3,1,-33,33,0.304403,0.03672,0.356975,0.235788,0.0253008,0.0408136,0.738728,-19,19
2,45,55,55,-29,29,0,0,0,0,5,CHI,0,24,42,8,12,8,8,2,3,42,42,8,12,8,8,12,42,8,12,8,8,124.1974235,MISS,20001,0,8475683,Sergei Bobrovsky,0,0,0,5,FLA,0,1,22,0,0,FAC,0,0,HOME,-69,-69,-22,-22,HOMEZONE,0,1,98,0,C,2025,R,Connor Bedard,8484144,29,8,34.4,38,8,32,8,8,2,3,47,47,8,38,8,8,29,29,8,29,8,8,-40.46222749,40.46222749,0,0,0,44.68780594,0,0,0,1,0,0,0,0,SNAP,0,15.52467794,AWAY,CHI,104,0,8,8,2,55,55,0.306225,0.0160305,0.358237,0.263372,0.0266695,0.0294665,0.831215,-29,-29
3,63,35,35,33,33,0,0,0,0,5,CHI,0,16,16,16,16,16,16,2,3,16,16,16,16,16,16,16,16,16,16,16,16,64.66065264,SHOT,20001,0,8475683,Sergei Bobrovsky,0,0,0,5,FLA,0,1,25,0,0,FAC,0,0,AWAY,69,69,-22,-22,HOMEZONE,0,1,38,0,D,2025,L,Ethan Del Mastro,8482807,16,16,16,16,16,16,16,16,2,3,16,16,16,16,16,16,16,16,16,16,16,16,31.42956561,31.42956561,0,0,0,63.28506933,0,0,0,1,0,0,0,0,SNAP,1,4.04129079,AWAY,CHI,122,0,16,16,6,35,35,0.200191,0.0097353,0.439703,0.294931,0.0203982,0.0350417,0.659939,33,33
4,68,30,30,-34,34,0,0,0,0,5,CHI,0,20.8,13,13,26,13,13,2,3,33,13,13,33,13,13,13,13,13,16,13,13,45.3431362,SHOT,20001,0,8475683,Sergei Bobrovsky,0,0,0,5,FLA,0,1,31,0,0,FAC,0,0,AWAY,0,0,0,0,HOMEZONE,0,1,6,0,D,2025,R,Sam Rinzel,8483506,24,13,17.6,24.5,13,13,13,13,2,3,25,25,13,13,13,13,13,24,13,13,13,13,-29.95360817,29.95360817,0,0,0,68.09552114,0,0,0,0,1,0,0,0,SNAP,1,3.487933553,AWAY,CHI,172,0,13,13,19,30,30,0.21936,0.00997734,0.42243,0.307621,0.0208373,0.0197743,0.681355,-34,-34
5,42,-58,58,28,28,7.4,0,0,0,5,CHI,0,14.2,14,14,14.33333333,14.33333333,14.2,2,3,20,14,14,20,20,20,11,14,14,11,11,11,50.03998401,SHOT,20001,0,8481519,Spencer Knight,0,0,0,5,FLA,0,1,35,1,0,BLOCK,0,0,HOME,-56,56,-22,22,AWAYZONE,0,1,5,0,D,2025,R,Aaron Ekblad,8477932,5,5,21.6,11.5,11.5,28.33333333,28.33333333,21.6,2,3,31,18,18,31,31,31,5,5,5,23,23,5,-42.08916217,42.08916217,0,0,0,41.77319715,0,0,0,1,0,0,0,0,SLAP,1,16.67999467,HOME,FLA,214,-6,55,3,3,-58,58,0.33218,0.0492175,0.30062,0.2458,0.0338666,0.0383158,0.767188,28,-28
6,44,-47,47,-12,12,0,0,0,0,5,CHI,0,1,1,1,1,1,1,2,3,1,1,1,1,1,1,1,1,1,1,1,1,40.49691346,MISS,20001,0,8481519,Spencer Knight,0,0,0,5,FLA,0,1,38,1,0,FAC,0,0,HOME,-69,69,22,-22,AWAYZONE,0,1,77,0,D,2025,L,Niko Mikkola,8478859,1,1,19.8,1,1,32.33333333,1,1,2,3,35,1,1,35,1,1,1,1,1,27,1,1,15.9453959,15.9453959,0,0,0,43.68065934,0,0,0,0,1,0,0,0,WRIST,0,40.49691346,HOME,FLA,218,0,1,1,17,-47,47,0.233335,0.0164118,0.376547,0.284262,0.0386322,0.0508124,0.801125,-12,12
7,13,-79,79,9,9,-3.6,0,0,0,5,CHI,0,29,29,29,29,29,29,2,3,29,29,29,29,29,29,29,29,29,29,29,29,164.0274367,SHOT,20001,0,8481519,Spencer Knight,0,0,0,5,FLA,0,1,40,1,0,BLOCK,0,0,AWAY,85,-85,6,-6,AWAYZONE,1,1,9,0,C,2025,L,Sam Bennett,8477935,63,29,44.2,20,20,60.33333333,29,25.4,2,3,63,20,20,63,29,29,20,20,20,55,29,20,-41.9872125,41.9872125,41.9872125,3.817019318,0,13.45362405,0,0,0,0,1,0,0,0,WRIST,1,14.91158516,HOME,FLA,246,-9,29,11,35,-79,79,0.110439,0.0860998,0.400098,0.289602,0.0273159,0.0864447,0.81067,9,-9
8,8.062257748,-82,82,4,4,-11,0,0,0,5,CHI,0,37.6,64,64,20,20,37.6,2,3,64,64,64,20,20,64,20,64,64,20,20,20,5.830951895,MISS,20001,0,8481519,Spencer Knight,0,0,0,5,FLA,0,1,41,1,0,SHOT,-41.9872125,13.45362405,HOME,-79,79,9,-9,AWAYZONE,1,1,15,9,,2025,L,Anton Lundell,8482113,20,20,26.6,36.5,36.5,20,20,26.6,2,3,37,37,37,20,20,37,20,36,36,20,20,20,-29.7448813,29.7448813,12.2423312,0.349780891,0,8.062257748,1,0,0,0,0,0,0,0,TIP,0,0.166598626,HOME,FLA,281,0,64,35,1,-82,82,0.130701,0.131705,0.368974,0.279561,0.0244845,0.064574,0.74449,4,-4
9,6.08276253,-88,88,6,6,-8.8,0,0,0,5,CHI,0,37,65,65,18.33333333,18.33333333,37,2,3,65,65,65,25,25,65,12,65,65,12,12,12,7.280109889,SHOT,20001,0,8481519,Spencer Knight,0,0,0,5,FLA,0,1,42,1,0,MISS,-29.7448813,8.062257748,HOME,-82,82,4,-4,AWAYZONE,0,1,13,15,C,2025,R,Sam Reinhart,8477933,24,24,28.2,37.5,37.5,22,22,28.2,2,3,38,38,38,24,24,38,21,37,37,21,21,21,-80.53767779,80.53767779,50.7927965,50.7927965,0,6.08276253,0,0,0,1,0,0,1,0,WRIST,1,7.280109889,HOME,FLA,282,9,65,1,6,-89,88,0.225088,0.231689,0.255184,0.146837,0.0420337,0.099168,0.817503,6,-6
10,64,-28,28,18,18,-8.8,0,0,0,5,CHI,0,47,75,75,28.33333333,28.33333333,47,2,3,75,75,75,35,35,75,22,75,75,22,22,22,73.73601562,MISS,20001,0,8481519,Spencer Knight,0,0,0,5,FLA,0,1,44,1,0,HIT,0,0,AWAY,-97,97,-8,8,AWAYZONE,0,1,5,0,D,2025,R,Aaron Ekblad,8477932,47,47,38.2,47.5,47.5,32,32,38.2,2,3,48,48,48,34,34,48,31,47,47,31,31,31,-16.44037952,16.44037952,0,0,0,63.60031446,0,0,0,1,0,0,0,0,WRIST,0,18.43400391,HOME,FLA,292,9,75,4,24,-28,28,0.196867,0.0206624,0.406736,0.320002,0.0211009,0.0346315,0.679304,18,-18
11,54,-49,49,-37,37,0,0,120,100,4,CHI,0,20,20,20,20,20,20,2,2,20,20,20,20,20,20,20,20,20,20,20,20,25,SHOT,20001,0,8481519,Spencer Knight,0,0,0,5,FLA,0,1,59,1,0,FAC,0,0,HOME,-69,69,-22,22,AWAYZONE,0,1,63,0,L,2025,L,Brad Marchand,8473419,20,20,29.2,31.5,20,27.66666667,20,20,2,3,43,43,20,43,20,20,20,20,20,20,20,20,42.76882539,42.76882539,0,0,0,54.4885309,0,0,0,1,0,0,0,0,WRIST,1,1.25,HOME,FLA,438,0,20,20,21,-49,49,0.189034,0.01499,0.478563,0.252229,0.0223392,0.0428447,0.732052,-37,37
12,7.615773106,-82,82,-3,3,21,0,120,79,4,CHI,0,20,20,20,20,20,20,2,2,20,20,20,20,20,20,20,20,20,20,20,20,47.38143096,MISS,20001,0,8481519,Spencer Knight,0,0,0,5,FLA,0,1,60,1,0,SHOT,42.76882539,54.4885309,HOME,-49,49,-37,37,AWAYZONE,1,1,13,63,C,2025,R,Sam Reinhart,8477933,64,41,50.2,52.5,41,48.66666667,41,41,2,3,64,64,41,64,41,41,41,41,41,41,41,41,23.19859051,23.19859051,19.57023488,0.931915947,0,7.615773106,1,0,0,0,0,0,0,0,TIP,0,2.256258617,HOME,FLA,459,21,41,21,2,-82,82,0.129486,0.174968,0.376533,0.207047,0.0198639,0.092102,0.788849,-3,3
13,20,-71,71,9,9,26,0,120,77,4,CHI,0,17,16.5,16.5,17.5,17.5,17,2,2,18,17,17,18,18,18,16,16,16,17,17,16,16.2788206,SHOT,20001,0,8481519,Spencer Knight,0,0,0,5,FLA,0,1,61,1,0,MISS,23.19859051,7.615773106,HOME,-82,82,-3,3,AWAYZONE,0,1,5,13,D,2025,R,Aaron Ekblad,8477932,43,43,52.2,54.5,43,50.66666667,43,43,2,3,66,66,43,66,43,43,43,43,43,43,43,43,-26.56505118,26.56505118,49.76364169,24.88182085,1,20.1246118,0,0,0,1,0,0,1,0,WRIST,1,8.139410298,HOME,FLA,461,27,43,2,8,-71,71,0.159566,0.263378,0.313256,0.167531,0.0327377,0.0635317,0.774856,9,-9
14,64,-30,30,-26,26,-5.4,0,0,0,5,CHI,0,43.2,51,41,38,38,39.2,2,3,52,52,41,41,41,41,32,50,41,32,32,32,42.3792402,SHOT,20001,0,8481519,Spencer Knight,0,0,0,5,FLA,0,1,66,1,0,GIVE,0,0,AWAY,-70,70,-40,40,AWAYZONE,0,1,42,0,D,2025,L,Gustav Forsling,8478055,50,41,37.4,40,35.5,35.66666667,32.66666667,33.8,2,3,50,50,41,50,41,41,28,30,30,28,28,28,23.78203042,23.78203042,0,0,0,64.47480128,0,0,0,1,0,0,0,0,WRIST,1,2.82528268,HOME,FLA,574,-4,41,15,3,-30,30,0.182433,0.0100686,0.442255,0.311757,0.0193274,0.0341586,0.648945,-26,26
15,23,66,66,-1,1,0,0,0,0,5,CHI,0,26,26,26,26,26,26,2,3,26,26,26,26,26,26,26,26,26,26,26,26,145.0655024,GOAL,20001,1,8475683,Sergei Bobrovsky,0,0,0,5,FLA,0,1,70,0,0,HIT,0,0,AWAY,-74,-74,-39,-39,HOMEZONE,0,1,91,0,C,2025,R,Frank Nazar,8483493,26,26,26,26,26,26,26,26,2,3,26,26,26,26,26,26,26,26,26,26,26,26,-2.489552922,2.489552922,0,0,0,23.02172887,0,0,0,0,0,0,0,0,SNAP,1,6.307195759,AWAY,CHI,603,0,26,23,0,66,66,0.120665,0.1296,0.396465,0.283649,0.0217384,0.0478823,0.778653,-1,-1
16,68,-33,33,39,39,0,0,0,0,5,CHI,1,35,35,35,35,35,35,2,3,35,35,35,35,35,35,35,35,35,35,35,35,89.18520057,MISS,20001,0,8481519,Spencer Knight,0,0,0,5,FLA,0,1,75,1,0,HIT,0,0,AWAY,-78,78,-38,38,AWAYZONE,0,1,2,0,D,2025,R,Jeff Petry,8473507,35,35,35,35,35,35,35,35,2,3,35,35,35,35,35,35,35,35,35,35,35,35,-34.85445557,34.85445557,0,0,0,68.24221567,0,0,0,1,0,0,0,0,WRIST,0,22.29630014,HOME,FLA,638,0,35,4,25,-33,33,0.242124,0.0126039,0.427171,0.27129,0.024765,0.0220461,0.669322,39,-39
17,10,-79,79,1,1,-2.4,0,0,0,5,CHI,1,17,13.5,13.5,19.33333333,19.33333333,17,2,3,21,14,14,21,21,21,13,13,13,18,18,13,9.219544457,GOAL,20001,1,8481519,Spencer Knight,0,0,0,5,FLA,0,1,77,1,0,BLOCK,0,0,HOME,-73,73,-6,6,AWAYZONE,1,1,10,0,L,2025,L,A.J. Greer,8478421,22,22,14.6,9,9,18.33333333,18.33333333,14.6,2,3,22,9,9,22,22,22,9,9,9,14,14,9,-5.710593138,5.710593138,0,0,0,10.04987562,0,0,0,0,0,0,0,0,WRIST,1,3.073181486,HOME,FLA,666,-4,63,3,0,-79,79,0.173638,0.242346,0.259803,0.189704,0.0259798,0.108529,0.933962,1,-1
18,27,84,84,-27,27,-2.4,0,0,0,5,CHI,1,35.6,41,32,32,32,32,2,3,41,41,32,32,32,32,32,41,32,32,32,32,88.23264702,MISS,20001,0,8475683,Sergei Bobrovsky,0,0,0,5,FLA,1,1,79,0,0,FAC,0,0,HOME,0,0,0,0,HOMEZONE,0,1,98,0,C,2025,R,Connor Bedard,8484144,32,32,32.2,32.5,26,32,32,29.6,2,3,45,45,32,32,32,32,20,20,20,32,32,20,-79.50852299,79.50852299,0,0,0,27.45906044,0,0,0,0,1,0,0,0,SNAP,0,2.757270219,AWAY,CHI,698,-12,32,32,9,84,84,0.132079,0.0226852,0.419946,0.355431,0.0222758,0.0475835,0.765963,-27,-27
19,42,47,47,4,4,-2,0,0,0,5,CHI,1,34.4,35,30.5,34,34,32.6,2,3,50,50,41,41,41,41,20,20,20,20,20,20,48.27007354,MISS,20001,0,8475683,Sergei Bobrovsky,0,0,0,5,FLA,1,1,80,0,0,MISS,-79.50852299,27.45906044,AWAY,84,84,-27,-27,HOMEZONE,1,1,98,98,C,2025,R,Connor Bedard,8484144,41,41,30.6,15,15,41,41,30.6,2,3,41,20,20,41,41,41,10,10,10,41,41,10,5.440332031,5.440332031,84.94885502,9.438761669,1,42.19004622,0,0,0,0,1,0,0,0,SNAP,0,5.363341505,AWAY,CHI,707,-10,41,9,15,47,47,0.159781,0.0336558,0.434193,0.309448,0.0194896,0.0434333,0.663826,4,4
20,54,-50,50,-37,37,-22.4,0,0,0,5,CHI,1,42,21,21,56,56,42,2,3,56,25,25,56,56,56,17,17,17,56,56,17,105.3090689,MISS,20001,0,8481519,Spencer Knight,0,0,0,5,FLA,1,1,81,1,0,MISS,0,0,AWAY,47,-47,4,-4,AWAYZONE,0,1,77,98,D,2025,L,Niko Mikkola,8478859,20,20,19.6,20,20,19.33333333,19.33333333,19.6,2,3,20,20,20,20,20,20,18,20,20,18,18,18,43.49256424,43.49256424,0,0,0,53.75872022,0,0,0,0,1,0,0,0,SLAP,0,7.020604596,HOME,FLA,722,1,56,15,5,-50,50,0.173567,0.0112534,0.453442,0.304817,0.026017,0.0309029,0.699153,-37,37
21,56,-34,34,-12,12,-31,0,0,0,5,CHI,1,60,39,39,74,74,60,2,3,74,43,43,74,74,74,35,35,35,74,74,35,69.97142274,MISS,20001,0,8481519,Spencer Knight,0,0,0,5,FLA,1,1,83,1,0,HIT,0,0,AWAY,-94,94,24,-24,AWAYZONE,1,1,3,0,D,2025,R,Seth Jones,8477495,24,24,29,31,31,27.66666667,27.66666667,29,2,3,38,38,38,36,36,38,21,24,24,21,21,21,12.30801582,12.30801582,0,0,0,56.29387178,0,0,0,1,0,0,0,0,SLAP,0,5.382417134,HOME,FLA,740,-14,74,13,6,-34,34,0.134209,0.0214544,0.518152,0.254794,0.0182722,0.0531191,0.568279,-12,12
22,13,-79,79,8,8,23,0,120,77,4,CHI,1,20,20,20,20,20,20,2,2,20,20,20,20,20,20,20,20,20,20,20,20,31.78049716,SHOT,20001,0,8481519,Spencer Knight,0,0,0,5,FLA,1,1,88,1,0,HIT,0,0,AWAY,-66,66,37,-37,AWAYZONE,1,1,63,0,L,2025,L,Brad Marchand,8473419,75,43,63.8,58,43,67.66666667,43,43,2,3,85,73,43,85,43,43,43,43,43,43,43,43,-38.65980825,38.65980825,0,0,0,12.80624847,0,1,0,0,0,0,0,0,BACK,1,1.444568053,HOME,FLA,789,23,43,22,2,-79,79,0.122541,0.0667745,0.497276,0.23063,0.0184007,0.0643787,0.78079,8,-8
23,29,-63,63,12,12,0,0,120,64,4,CHI,1,11,11,11,11,11,11,2,2,11,11,11,11,11,11,11,11,11,11,11,11,11.66190379,SHOT,20001,0,8481519,Spencer Knight,0,0,0,5,FLA,1,1,91,1,0,FAC,0,0,HOME,-69,69,22,-22,AWAYZONE,0,1,13,0,C,2025,R,Sam Reinhart,8477933,56,11,76.8,71,11,80.66666667,11,11,2,3,98,86,11,98,11,11,56,56,11,56,11,11,-24.77514057,24.77514057,0,0,0,28.63564213,0,0,0,1,0,0,0,0,WRIST,1,1.060173072,HOME,FLA,802,0,11,11,22,-63,63,0.114733,0.0711038,0.515661,0.221128,0.0214438,0.0559294,0.682735,12,-12
24,11,-84,84,10,10,-1.6,0,120,18,4,CHI,1,20,20.5,20.5,19.5,19.5,20,2,2,21,21,21,20,20,21,19,20,20,19,19,19,6.403124237,GOAL,20001,1,8481519,Spencer Knight,0,0,0,5,FLA,1,1,94,1,0,BLOCK,0,0,HOME,-80,80,15,-15,AWAYZONE,1,1,23,0,C,2025,L,Carter Verhaeghe,8477409,17,17,18.4,20,20,18,18,18.4,1,4,20,20,20,20,20,20,17,20,20,17,17,17,-63.43494882,63.43494882,0,0,0,11.18033989,0,0,0,0,0,0,0,0,SNAP,1,1.600781059,HOME,FLA,848,-2,57,4,0,-84,84,0.13352,0.138699,0.444336,0.196419,0.0284431,0.0585826,0.825698,10,-10
25,23,-82,82,-22,22,0,0,0,0,5,CHI,1,33.2,44,9,26,9,9,2,3,54,54,9,26,9,9,26,34,9,26,9,9,14,SHOT,20001,0,8481519,Spencer Knight,0,0,0,5,FLA,2,1,102,1,0,GIVE,0,0,AWAY,-96,96,-22,22,AWAYZONE,0,1,15,0,C,2025,L,Anton Lundell,8482113,9,9,14,18.5,9,11,9,9,2,3,19,19,9,15,9,9,9,18,9,9,9,9,72.34987578,72.34987578,0,0,0,23.08679276,0,0,0,0,1,0,0,0,WRIST,1,2.333333333,HOME,FLA,882,0,9,6,9,-82,82,0.0992924,0.0266403,0.511406,0.297145,0.0169053,0.0486111,0.700997,-22,22
26,68,-30,30,-33,33,-4.4,0,0,0,5,CHI,1,66.2,77,42,59,42,42,2,3,87,87,42,59,42,42,59,67,42,59,42,42,72.02777242,SHOT,20001,0,8481519,Spencer Knight,0,0,0,5,FLA,2,1,105,1,0,HIT,0,0,AWAY,-28,28,39,-39,AWAYZONE,0,1,42,0,D,2025,L,Gustav Forsling,8478055,52,42,40.8,36,31,44,42,37.6,2,3,52,52,42,48,42,42,20,20,20,42,42,20,29.21924669,29.21924669,0,0,0,67.60177512,0,1,0,0,0,0,0,0,SLAP,1,4.001542912,HOME,FLA,915,-22,42,18,2,-30,30,0.147656,0.012653,0.461117,0.321564,0.0235653,0.0334445,0.612657,-33,33
27,8.062257748,-81,81,1,1,0,0,0,0,5,CHI,1,8,8,8,8,8,8,2,3,8,8,8,8,8,8,8,8,8,8,8,8,4.123105626,SHOT,20001,0,8481519,Spencer Knight,0,0,0,5,FLA,2,1,109,1,0,BLOCK,0,0,HOME,-82,82,5,-5,AWAYZONE,1,1,23,0,C,2025,L,Carter Verhaeghe,8477409,8,8,10.2,13.5,8,8,8,8,2,3,19,19,8,8,8,8,8,8,8,8,8,8,-7.125016349,7.125016349,0,0,0,8.062257748,0,0,0,1,0,0,0,0,BACK,1,4.123105626,HOME,FLA,925,0,8,1,21,-81,81,0.301883,0.261346,0.192029,0.122017,0.0314661,0.0912591,0.948233,1,-1
28,8.602325267,-84,84,7,7,0,0,0,0,5,CHI,1,29,29,29,29,29,29,2,3,29,29,29,29,29,29,29,29,29,29,29,29,6.708203933,SHOT,20001,0,8481519,Spencer Knight,0,0,0,5,FLA,2,1,110,1,0,SHOT,-7.125016349,8.062257748,HOME,-81,81,1,-1,AWAYZONE,1,1,9,23,C,2025,L,Sam Bennett,8477935,29,29,31.2,34.5,29,29,29,29,2,3,40,40,29,29,29,29,29,29,29,29,29,29,-54.46232221,54.46232221,47.33730586,2.254157422,0,8.602325267,0,1,0,0,0,0,0,0,BACK,1,0.319438283,HOME,FLA,946,0,29,21,1,-84,84,0.129797,0.0655393,0.423909,0.296971,0.0154436,0.0683394,0.843403,7,-7
29,12,77,77,2,2,0,0,0,0,5,CHI,1,31.6,44.5,23,23,23,23,2,3,45,45,23,23,23,23,23,44,23,23,23,23,77.02596965,MISS,20001,0,8475683,Sergei Bobrovsky,0,0,0,5,FLA,2,1,120,0,0,FAC,0,0,HOME,0,0,0,0,HOMEZONE,0,1,28,0,L,2025,L,Andre Burakovsky,8477444,23,23,29.6,39.5,23,23,23,23,2,3,50,50,23,23,23,23,23,29,23,23,23,23,9.462322208,9.462322208,0,0,0,12.16552506,0,0,0,0,1,0,0,0,SNAP,0,3.348955202,AWAY,CHI,1033,0,23,23,49,77,77,0.118179,0.166977,0.357245,0.273068,0.0219628,0.0625675,0.867702,2,2
30,31,-60,60,11,11,3.4,0,0,0,5,CHI,1,23.4,24,24,23,23,23.4,2,3,26,24,24,26,26,26,18,24,24,18,18,18,87.09190548,MISS,20001,0,8481519,Spencer Knight,0,0,0,5,FLA,2,1,128,1,0,GIVE,0,0,HOME,24,-24,-12,12,AWAYZONE,1,1,15,0,C,2025,L,Anton Lundell,8482113,24,24,26.8,28,28,26,26,26.8,2,3,28,28,28,27,27,28,24,28,28,24,24,24,-20.77225468,20.77225468,0,0,0,31.01612484,0,0,0,1,0,0,0,0,WRIST,0,7.25765879,HOME,FLA,1164,6,154,12,5,-60,60,0.143584,0.0580304,0.436667,0.294975,0.0206499,0.046094,0.698425,11,-11
31,35,-60,60,-20,20,3.4,0,0,0,5,CHI,1,28.4,29,29,28,28,28.4,2,3,31,29,29,31,31,31,23,29,29,23,23,23,31,SHOT,20001,0,8481519,Spencer Knight,0,0,0,5,FLA,2,1,129,1,0,MISS,-20.77225468,31.01612484,HOME,-60,60,11,-11,AWAYZONE,0,1,27,15,C,2025,L,Eetu Luostarinen,8480185,32,32,31.8,33,33,31,31,31.8,2,3,33,33,33,32,32,33,29,33,33,29,29,29,34.59228869,34.59228869,55.36454337,11.07290867,1,35.22782991,0,0,0,0,1,0,0,0,SNAP,1,6.2,HOME,FLA,1169,6,159,5,8,-60,60,0.156647,0.0452504,0.416768,0.31808,0.0226425,0.0406121,0.71916,-20,20
32,23,-68,68,-10,10,12,0,0,0,5,CHI,1,32,50,50,20,20,32,2,3,50,50,50,20,20,50,20,50,50,20,20,20,143,SHOT,20001,0,8475683,Sergei Bobrovsky,0,0,0,5,FLA,2,1,139,0,0,BLOCK,0,0,HOME,75,-75,-10,10,HOMEZONE,0,2,95,0,R,2025,L,Ilya Mikheyev,8481624,50,50,44,35,35,50,50,44,2,3,50,50,50,50,50,50,20,20,20,50,50,20,25.46334506,25.46334506,25.46334506,1.273167253,0,23.2594067,0,0,0,0,1,0,0,0,WRIST,1,7.15,AWAY,CHI,1250,0,50,20,19,-68,68,0.106876,0.0716713,0.370863,0.386382,0.0207364,0.0434711,0.712244,-10,10
33,30,-63,63,-15,15,-4.4,0,0,0,5,CHI,1,24.4,20,20,27.33333333,27.33333333,24.4,2,3,30,20,20,30,30,30,20,20,20,25,25,20,7.071067812,GOAL,20001,1,8475683,Sergei Bobrovsky,0,0,0,5,FLA,2,1,140,0,0,SHOT,25.46334506,23.2594067,AWAY,-68,68,-10,10,HOMEZONE,0,2,86,95,,2025,L,Teuvo Teravainen,8476882,17,17,20,20,20,20,20,20,2,3,20,20,20,20,20,20,20,20,20,20,20,20,29.98163937,29.98163937,4.518294307,0.237804964,0,30.01666204,0,0,0,0,0,0,0,0,WRIST,1,0.372161464,AWAY,CHI,1269,0,69,19,0,-63,63,0.144571,0.0444917,0.440987,0.30613,0.0219822,0.0418386,0.701417,-15,15
34,9.219544457,82,82,-6,6,0,0,0,0,5,CHI,2,17,17,17,17,17,17,2,3,17,17,17,17,17,17,17,17,17,17,17,17,68.02940541,SHOT,20001,0,8481519,Spencer Knight,0,0,0,5,FLA,2,1,160,1,0,FAC,0,0,HOME,20,20,22,22,AWAYZONE,1,2,23,0,C,2025,L,Carter Verhaeghe,8477409,17,17,17,17,17,17,17,17,2,3,17,17,17,17,17,17,17,17,17,17,17,17,-40.60129465,40.60129465,0,0,0,9.219544457,0,1,0,0,0,0,0,0,BACK,1,4.00172973,HOME,FLA,1498,0,17,17,2,82,82,0.141152,0.0901162,0.403112,0.274162,0.0194113,0.0720475,0.870327,-6,-6
35,20,74,74,13,13,0,0,0,0,5,CHI,2,31,31,31,31,31,31,2,3,31,31,31,31,31,31,31,31,31,31,31,31,122.1556384,SHOT,20001,0,8481519,Spencer Knight,0,0,0,5,FLA,2,1,164,1,0,HIT,0,0,HOME,-37,-37,-38,-38,AWAYZONE,0,2,23,0,C,2025,L,Carter Verhaeghe,8477409,50,31,50,50,31,50,31,31,2,3,50,50,31,50,31,31,50,50,31,50,31,31,40.91438322,40.91438322,0,0,0,19.84943324,0,0,0,0,1,0,0,0,WRIST,1,5.089818268,HOME,FLA,1531,0,31,24,18,74,74,0.112767,0.0692475,0.436404,0.302825,0.0202087,0.0585486,0.734464,13,13
36,61,-42,42,-39,39,-2.8,0,0,0,5,CHI,2,40.8,37,37,43.33333333,43.33333333,40.8,2,3,54,54,54,46,46,54,20,20,20,39,39,20,64.19501538,SHOT,20001,0,8475683,Sergei Bobrovsky,0,0,0,5,FLA,2,1,167,0,0,GIVE,0,0,AWAY,19,-19,-19,19,HOMEZONE,0,2,44,0,,2025,,Wyatt Kaiser,8482176,20,20,38,31.5,31.5,42.33333333,42.33333333,38,2,3,43,43,43,43,43,43,20,20,20,42,42,20,39.68545433,39.68545433,0,0,0,61.07372594,0,0,0,0,1,0,0,0,WRIST,1,1.888088688,AWAY,CHI,1585,0,85,34,13,-42,42,0.191375,0.00773637,0.438456,0.308238,0.0267828,0.0274107,0.693175,-39,39
37,62,-28,28,-13,13,-4.8,0,0,0,5,CHI,2,55.8,55,55,56.33333333,56.33333333,55.8,2,3,67,67,67,59,59,67,43,43,43,52,52,43,29.52964612,SHOT,20001,0,8475683,Sergei Bobrovsky,0,0,0,5,FLA,2,1,168,0,0,SHOT,39.68545433,61.07372594,AWAY,-42,42,-39,39,HOMEZONE,0,2,44,44,D,2025,,Wyatt Kaiser,8482176,33,33,51,44.5,44.5,55.33333333,55.33333333,51,2,3,56,56,56,56,56,56,33,33,33,55,55,33,12.0305961,12.0305961,27.65485823,2.127296787,0,62.36986452,0,1,0,0,0,0,0,0,SNAP,1,2.27151124,AWAY,CHI,1598,-10,98,13,2,-28,28,0.17819,0.0185058,0.449067,0.295134,0.0179492,0.0411538,0.668344,-13,13
38,35,55,55,-8,8,0,0,0,0,5,CHI,2,9,9,9,9,9,9,2,3,9,9,9,9,9,9,9,9,9,9,9,9,124.7878199,SHOT,20001,0,8481519,Spencer Knight,0,0,0,5,FLA,2,1,171,1,0,FAC,0,0,HOME,-69,-69,-22,-22,AWAYZONE,0,2,5,0,D,2025,R,Aaron Ekblad,8477932,9,9,33.2,9,9,49.33333333,9,9,2,3,70,9,9,70,9,9,9,9,9,9,9,9,-13.24051992,13.24051992,0,0,0,34.92849839,0,0,0,1,0,0,0,0,SLAP,1,13.86531332,HOME,FLA,1609,0,9,9,4,55,55,0.1937,0.0595876,0.400306,0.277366,0.0296464,0.0393937,0.729901,-8,-8
39,26,79,79,24,24,-29,0,0,0,5,CHI,2,46,46,46,46,46,46,2,3,46,46,46,46,46,46,46,46,46,46,46,46,66.3098786,SHOT,20001,0,8481519,Spencer Knight,0,0,0,5,FLA,2,1,175,1,0,GIVE,0,0,AWAY,53,53,-37,-37,AWAYZONE,0,2,9,0,C,2025,L,Sam Bennett,8477935,21,21,17,20,20,15,15,17,2,3,21,20,20,21,21,21,12,20,20,12,12,12,67.38013505,67.38013505,0,0,0,26,0,0,0,0,1,0,0,0,WRIST,1,11.05164643,HOME,FLA,1646,-34,46,6,21,79,79,0.120239,0.0252114,0.512119,0.281757,0.0195621,0.0411119,0.701396,24,24
40,59,42,42,35,35,10.4,0,0,0,5,CHI,2,20,20,20,20,20,20,2,3,20,20,20,20,20,20,20,20,20,20,20,20,38.60051813,SHOT,20001,0,8481519,Spencer Knight,0,0,0,5,FLA,2,1,176,1,0,SHOT,67.38013505,26,HOME,79,79,24,24,AWAYZONE,0,2,9,9,C,2025,L,Sam Bennett,8477935,42,42,30.4,22,22,36,36,30.4,2,3,42,22,22,42,42,42,22,22,22,33,33,22,36.67434967,36.67434967,30.70578538,1.462180256,0,58.6003413,0,1,0,0,0,0,0,0,WRIST,1,1.838119911,HOME,FLA,1667,2,67,21,2,42,42,0.217642,0.00788553,0.394913,0.327068,0.0225819,0.0299101,0.728477,35,35
41,62,-33,33,26,26,0,0,0,0,5,CHI,2,24.6,39,15,15,15,15,2,3,39,39,15,15,15,15,15,39,15,15,15,15,102.0784012,SHOT,20001,0,8475683,Sergei Bobrovsky,0,0,0,5,FLA,2,1,179,0,0,FAC,0,0,AWAY,69,-69,22,-22,HOMEZONE,0,2,5,0,D,2025,R,Connor Murphy,8476473,28,15,26.8,28,15,26,15,15,2,3,30,28,15,30,15,15,20,28,15,20,15,15,-24.90476881,24.90476881,0,0,0,61.74139616,0,1,0,0,0,0,0,0,SLAP,1,6.805226749,AWAY,CHI,1684,0,15,15,2,-33,33,0.15799,0.0125882,0.441985,0.325819,0.0219559,0.0396625,0.649825,26,-26
42,30,-69,69,-23,23,0,0,0,0,5,CHI,2,35.6,50,9,26,9,9,2,3,50,50,9,26,9,9,26,50,9,26,9,9,72.73238618,SHOT,20001,0,8475683,Sergei Bobrovsky,0,0,0,5,FLA,2,1,184,0,0,DELPEN,0,0,HOME,0,0,0,0,HOMEZONE,0,2,48,0,D,2025,L,Matt Grzelcyk,8476891,9,9,9,9,9,9,9,9,2,3,9,9,9,9,9,9,9,9,9,9,9,9,48.9909131,48.9909131,0,0,0,30.47950131,0,0,0,1,0,0,0,0,SNAP,1,72.73238618,AWAY,CHI,1695,0,9,1,2,-69,69,0.283604,0.0687641,0.352528,0.218041,0.0348049,0.0422574,0.838645,-23,23
43,8,81,81,0,0,-17.25,0,0,0,5,CHI,2,51.8,54,43,51.25,43,43,1,4,54,54,43,54,43,43,43,54,43,43,43,43,108.7795937,SHOT,20001,0,8481519,Spencer Knight,0,120,77,4,FLA,2,1,189,1,0,GIVE,0,0,AWAY,-27,-27,-13,-13,AWAYZONE,0,2,71,0,,2025,R,Luke Kunin,8479316,9,9,25.75,20,20,31.5,31.5,25.75,2,2,43,20,20,43,43,43,20,20,20,20,20,20,0,0,0,0,0,8,0,0,0,0,1,0,0,0,WRIST,1,5.438979684,HOME,FLA,1740,-23,43,20,26,81,81,0.0851874,0.235519,0.218411,0.351665,0.0190295,0.090189,0.951831,0,0
44,42,-60,60,-30,30,35.75,0,0,0,5,CHI,2,33.25,39,39,27.5,27.5,33.25,2,2,39,39,39,35,35,39,20,39,39,20,20,20,144.1561653,SHOT,20001,0,8475683,Sergei Bobrovsky,0,120,51,4,FLA,2,1,190,0,0,SHOT,0,0,HOME,81,-81,0,0,HOMEZONE,1,2,98,71,C,2025,R,Connor Bedard,8484144,69,69,77.8,80,69,77.25,69,69,1,4,80,80,69,80,69,69,69,80,69,69,69,69,45.97102193,45.97102193,0,0,0,41.72529209,0,0,0,0,1,0,0,0,SLAP,1,5.544467897,AWAY,CHI,1766,49,69,26,49,-60,60,0.168957,0.00563737,0.459347,0.306525,0.0213052,0.0382287,0.708859,-30,30
45,62,35,35,-31,31,6.6,0,0,0,5,CHI,2,21.8,41.5,41.5,8.666666667,8.666666667,21.8,2,3,54,54,54,9,9,54,8,29,29,8,8,8,57.07889277,SHOT,20001,0,8481519,Spencer Knight,0,0,0,5,FLA,2,1,193,1,0,HIT,0,0,AWAY,92,92,-28,-28,AWAYZONE,0,2,3,0,D,2025,R,Seth Jones,8477495,19,19,28.4,15,15,37.33333333,37.33333333,28.4,2,3,65,19,19,65,65,65,6,11,11,6,6,6,-29.85901616,29.85901616,0,0,0,62.2655603,0,1,0,0,0,0,0,0,SLAP,1,28.53944639,HOME,FLA,1889,-2,192,2,2,35,35,0.226376,0.0230353,0.38125,0.30652,0.0244166,0.0384026,0.669757,-31,-31
46,56,-41,41,-29,29,-13,0,0,0,5,CHI,2,56.8,98,81,29.33333333,29.33333333,50,2,3,102,102,81,46,46,81,21,94,81,21,21,21,20.39607805,MISS,20001,0,8475683,Sergei Bobrovsky,0,0,0,5,FLA,2,1,202,0,0,BLOCK,0,0,AWAY,-61,61,-25,25,HOMEZONE,0,2,8,0,C,2025,L,Ryan Donato,8477987,37,37,37,44,44,32.33333333,32.33333333,37,2,3,45,45,45,37,37,45,25,43,43,25,25,25,31.13897244,31.13897244,0,0,0,56.08029957,0,0,0,0,1,0,0,0,SLAP,0,1.699673171,AWAY,CHI,1972,4,81,12,10,-41,41,0.147563,0.013981,0.445774,0.321642,0.0231037,0.0479361,0.626117,-29,29
47,6.708203933,-83,83,-3,3,0,0,0,0,5,CHI,2,16.2,18,15,15,15,15,2,3,21,21,15,15,15,15,15,15,15,15,15,15,83.05419917,SHOT,20001,0,8475683,Sergei Bobrovsky,0,0,0,5,FLA,2,1,213,0,0,FAC,0,0,AWAY,0,0,0,0,HOMEZONE,0,2,59,0,L,2025,L,Tyler Bertuzzi,8477479,15,15,15,15,15,15,15,15,2,3,15,15,15,15,15,15,15,15,15,15,15,15,26.56505118,26.56505118,0,0,0,6.708203933,0,1,0,0,0,0,0,0,TIP,1,5.536946611,AWAY,CHI,2105,0,15,15,2,-83,83,0.149066,0.195974,0.323979,0.238234,0.0191646,0.0735822,0.828197,-3,3
48,5,84,84,0,0,-19,0,0,0,5,CHI,2,36.2,34,34,37.66666667,37.66666667,36.2,2,3,43,35,35,43,43,43,29,33,33,29,29,29,66.85057965,SHOT,20001,0,8481519,Spencer Knight,0,0,0,5,FLA,2,1,217,1,0,HIT,0,0,HOME,29,29,38,38,AWAYZONE,0,2,23,0,C,2025,L,Carter Verhaeghe,8477409,16,16,17.2,20,20,15.33333333,15.33333333,17.2,2,3,20,20,20,19,19,20,11,20,20,11,11,11,0,0,0,0,0,5,0,0,0,0,1,0,0,0,WRIST,1,6.077325423,HOME,FLA,2178,-18,71,11,12,84,84,0.160309,0.214735,0.337451,0.151988,0.0181725,0.117344,0.95821,0,0
49,14,-77,77,-7,7,9.4,0,0,0,5,CHI,2,37.6,29,29,43.33333333,43.33333333,37.6,2,3,47,29,29,47,47,47,29,29,29,39,39,29,160.3807969,SHOT,20001,0,8475683,Sergei Bobrovsky,0,0,0,5,FLA,2,1,220,0,0,BLOCK,0,0,HOME,82,-82,14,-14,HOMEZONE,1,2,98,0,C,2025,R,Connor Bedard,8484144,69,69,47,19,19,65.66666667,65.66666667,47,2,3,71,20,20,71,71,71,18,18,18,57,57,18,30.25643716,30.25643716,30.25643716,3.361826352,0,13.89244399,0,0,0,0,1,0,0,0,SNAP,1,17.82008854,AWAY,CHI,2206,-11,99,9,21,-77,77,0.119933,0.143726,0.306512,0.354664,0.0278837,0.0472824,0.847986,-7,7
50,67,35,35,-39,39,-8,0,0,0,5,CHI,2,28,40,40,20,20,28,2,3,41,41,41,20,20,41,20,39,39,20,20,20,116.4817582,MISS,20001,0,8481519,Spencer Knight,0,0,0,5,FLA,2,1,221,1,0,SHOT,0,0,AWAY,-77,-77,-7,-7,AWAYZONE,0,2,17,98,,2025,R,Evan Rodrigues,8478542,10,10,20,20,20,20,20,20,2,3,20,20,20,20,20,20,20,20,20,20,20,20,-35.83765295,35.83765295,0,0,0,66.61080993,0,0,0,0,1,0,0,0,WRIST,0,5.546750392,HOME,FLA,2227,0,120,21,18,35,35,0.21563,0.00655177,0.436371,0.303273,0.0216339,0.0165415,0.704206,-39,-39
51,28,84,84,-28,28,8.8,0,0,0,5,CHI,2,25.2,10.5,10.5,35,35,25.2,2,3,43,11,11,43,43,43,10,10,10,20,20,10,182.6499384,SHOT,20001,0,8481519,Spencer Knight,0,0,0,5,FLA,2,1,223,1,0,HIT,0,0,AWAY,-96,-96,3,3,AWAYZONE,0,2,2,0,D,2025,R,Jeff Petry,8473507,35,35,34,35.5,35.5,33,33,34,2,3,36,36,36,35,35,36,30,35,35,30,30,30,-79.87532834,79.87532834,0,0,0,28.44292531,0,1,0,0,0,0,0,0,WRIST,1,26.09284834,HOME,FLA,2252,20,145,7,2,84,84,0.154279,0.0252466,0.377182,0.364409,0.0193268,0.0595565,0.759044,-28,-28
52,28,-65,65,14,14,0,0,0,0,5,CHI,2,20,20,20,20,20,20,2,3,20,20,20,20,20,20,20,20,20,20,20,20,85.37564055,SHOT,20001,0,8475683,Sergei Bobrovsky,0,0,0,5,FLA,2,1,230,0,0,FAC,0,0,HOME,20,-20,22,-22,HOMEZONE,1,2,34,0,,2025,L,Colton Dach,8482703,13,13,20,20,20,20,20,20,2,3,20,20,20,20,20,20,20,20,20,20,20,20,-30.25643716,30.25643716,0,0,0,27.78488798,0,0,0,0,1,0,0,0,SNAP,1,1.153724872,AWAY,CHI,2347,0,74,74,26,-65,65,0.162731,0.074377,0.391675,0.31063,0.0202092,0.0403772,0.765137,14,-14
53,35,77,77,33,33,-5.4,0,0,0,5,CHI,2,35.8,41,41,32.33333333,32.33333333,35.8,2,3,41,41,41,41,41,41,20,41,41,20,20,20,143.2654878,MISS,20001,0,8481519,Spencer Knight,0,0,0,5,FLA,2,1,231,1,0,SHOT,0,0,AWAY,-65,-65,14,14,AWAYZONE,1,2,17,34,,2025,R,Evan Rodrigues,8478542,15,15,30.4,27.5,27.5,32.33333333,32.33333333,30.4,2,3,40,35,35,40,40,40,20,20,20,20,20,20,70.01689348,70.01689348,0,0,0,35.11409973,0,1,0,0,0,0,0,0,WRIST,0,5.51021107,HOME,FLA,2373,0,100,26,2,77,77,0.156948,0.0154549,0.468439,0.296475,0.0211737,0.0415099,0.739594,33,33
54,94,3,3,-37,37,0,0,0,0,5,CHI,2,26.2,24,22,27.66666667,22,22,2,3,39,25,22,39,22,22,22,23,22,22,22,22,88.52683209,SHOT,20001,0,8475683,Sergei Bobrovsky,0,0,0,5,FLA,2,1,234,0,0,FAC,0,0,HOME,69,69,22,22,Neu. Zone,1,2,48,0,D,2025,L,Matt Grzelcyk,8476891,22,22,23.4,22,22,24.33333333,22,22,2,3,29,22,22,29,22,22,22,22,22,22,22,22,-23.2789492,23.2789492,0,0,0,93.62157871,0,0,0,0,1,0,0,0,WRIST,1,4.023946913,AWAY,CHI,2397,0,22,22,2,3,3,0.179976,0.00605114,0.287952,0.49239,0.0206428,0.0129879,0.8551,-37,-37
55,22,78,78,19,19,-3.6,0,0,0,5,CHI,2,26,26,26,26,26,26,2,3,26,26,26,26,26,26,26,26,26,26,26,26,21.1896201,MISS,20001,0,8475683,Sergei Bobrovsky,0,0,0,5,FLA,2,1,242,0,0,HIT,0,0,AWAY,98,98,12,12,HOMEZONE,0,3,16,0,C,2025,L,Jason Dickinson,8477450,26,26,22.4,26,26,20,20,22.4,2,3,26,26,26,26,26,26,8,26,26,8,8,8,59.93141718,59.93141718,0,0,0,21.9544984,0,0,0,1,0,0,0,0,SNAP,0,2.648702513,AWAY,CHI,2426,-18,26,8,8,78,78,0.127732,0.0314057,0.460332,0.32537,0.0160858,0.0390739,0.747274,19,19
56,33,64,64,21,21,-3.6,0,0,0,5,CHI,2,34,34,34,34,34,34,2,3,34,34,34,34,34,34,34,34,34,34,34,34,14.14213562,MISS,20001,0,8475683,Sergei Bobrovsky,0,0,0,5,FLA,2,1,243,0,0,MISS,59.93141718,21.9544984,AWAY,78,78,19,19,HOMEZONE,0,3,8,16,C,2025,L,Ryan Donato,8477987,34,34,30.4,34,34,28,28,30.4,2,3,34,34,34,34,34,34,16,34,34,16,16,16,40.03025927,40.03025927,19.90115791,2.487644738,0,32.64965543,0,0,0,0,0,1,0,0,SNAP,0,1.767766953,AWAY,CHI,2434,-18,34,8,1,64,64,0.167123,0.0377611,0.414489,0.324812,0.0209357,0.0348791,0.743424,21,21
57,49,-40,40,-5,5,0,0,0,0,5,CHI,2,42.6,36,25,47,25,25,2,3,61,36,25,61,25,25,33,36,25,33,25,25,40.31128874,SHOT,20001,0,8481519,Spencer Knight,0,0,0,5,FLA,2,1,250,1,0,FAC,0,0,HOME,0,0,0,0,AWAYZONE,0,3,7,0,D,2025,L,Dmitry Kulikov,8475179,25,25,37,34,25,39,25,25,2,3,43,43,25,42,25,25,25,25,25,34,25,25,5.82634203,5.82634203,0,0,0,49.25444142,0,0,0,1,0,0,0,0,WRIST,1,1.61245155,HOME,FLA,2518,0,25,25,15,-40,40,0.183831,0.0175231,0.435334,0.302427,0.0198985,0.040987,0.65174,-5,5
58,29,-65,65,17,17,10.2,0,0,0,5,CHI,2,21,24.5,24.5,18.66666667,18.66666667,21,2,3,25,25,25,24,24,25,9,24,24,9,9,9,110.8196733,SHOT,20001,0,8481519,Spencer Knight,0,0,0,5,FLA,2,1,255,1,0,HIT,0,0,AWAY,44,-44,37,-37,AWAYZONE,0,3,71,0,C,2025,R,Luke Kunin,8479316,23,23,33,26.5,26.5,37.33333333,34.33333333,31.2,2,3,81,33,33,81,72,72,8,20,20,8,8,8,-35.31121344,35.31121344,0,0,0,29.41088234,0,0,0,0,1,0,0,0,WRIST,1,22.16393467,HOME,FLA,2565,-1,72,5,11,-65,65,0.179135,0.0684064,0.367041,0.318501,0.0236006,0.0433169,0.767704,17,-17
59,38,61,61,25,25,11.4,0,0,0,5,CHI,2,19.2,10.5,10.5,25,25,19.2,2,3,40,11,11,40,40,40,10,10,10,12,12,10,158.0790941,SHOT,20001,0,8475683,Sergei Bobrovsky,0,0,0,5,FLA,2,1,258,0,0,HIT,0,0,HOME,-97,-97,20,20,HOMEZONE,0,3,16,0,C,2025,L,Jason Dickinson,8477450,10,10,30.6,56.5,56.5,13.33333333,13.33333333,30.6,2,3,57,57,57,20,20,57,10,56,56,10,10,10,41.7602997,41.7602997,0,0,0,37.53664876,0,0,0,0,1,0,0,0,SNAP,1,26.34651569,AWAY,CHI,2597,0,104,6,6,61,61,0.288939,0.0464855,0.316862,0.301471,0.022584,0.0236585,0.829873,25,25
60,23,-67,67,8,8,-10.6,0,0,0,5,CHI,2,29.4,32.5,32.5,27.33333333,27.33333333,29.4,2,3,33,33,33,32,32,33,24,32,32,24,24,24,79.63039621,MISS,20001,0,8481519,Spencer Knight,0,0,0,5,FLA,2,1,264,1,0,TAKE,0,0,HOME,-2,2,-38,38,AWAYZONE,1,3,23,0,C,2025,L,Carter Verhaeghe,8477409,24,24,18.8,10,10,24.66666667,24.66666667,18.8,2,3,27,10,10,27,27,27,10,10,10,23,23,10,-19.98310652,19.98310652,0,0,0,23.40939982,0,0,0,1,0,0,0,0,SNAP,0,19.90759905,HOME,FLA,2686,-14,69,4,3,-67,67,0.132968,0.16785,0.363541,0.270031,0.0209669,0.0446435,0.791994,8,-8
61,35,-56,56,12,12,0,0,0,0,5,CHI,2,18,26.5,3,12.33333333,3,3,2,3,27,27,3,17,3,3,5,26,3,5,3,3,10.44030651,SHOT,20001,0,8481519,Spencer Knight,0,0,0,5,FLA,2,1,270,1,0,BLOCK,0,0,HOME,-66,66,15,-15,AWAYZONE,1,3,12,0,L,2025,L,Jonah Gadjovich,8479981,18,3,15.8,17.5,3,14.66666667,3,3,2,3,18,18,3,18,3,3,10,17,3,10,3,3,-19.98310652,19.98310652,0,0,0,35.11409973,0,1,0,0,0,0,0,0,WRIST,1,5.220153254,HOME,FLA,2728,0,3,2,1,-56,56,0.282406,0.0952503,0.339874,0.201905,0.0352813,0.0452834,0.777371,12,-12
62,35,-71,71,-30,30,0,0,0,0,5,CHI,2,12,12,12,12,12,12,1,4,12,12,12,12,12,12,12,12,12,12,12,12,140.2283851,MISS,20001,0,8481519,Spencer Knight,0,120,108,4,FLA,2,1,276,1,0,FAC,0,0,HOME,69,-69,-22,22,AWAYZONE,0,3,63,0,L,2025,L,Brad Marchand,8473419,12,12,12,12,12,12,12,12,2,2,12,12,12,12,12,12,12,12,12,12,12,12,59.03624347,59.03624347,0,0,0,34.98571137,0,0,0,0,1,0,0,0,WRIST,0,11.68569876,HOME,FLA,2768,0,12,12,6,-71,71,0.114761,0.0113595,0.24383,0.583467,0.0192538,0.0273294,0.749086,-30,30
63,44,45,45,0,0,0,0,0,0,5,CHI,2,14,14,14,14,14,14,2,2,14,14,14,14,14,14,14,14,14,14,14,14,32.55764119,MISS,20001,0,8475683,Sergei Bobrovsky,0,120,79,4,FLA,2,1,280,0,0,FAC,0,0,AWAY,69,69,-22,-22,HOMEZONE,0,3,98,0,C,2025,R,Connor Bedard,8484144,41,14,41,41,14,41,14,14,1,4,41,41,14,41,14,14,41,41,14,41,14,14,0,0,0,0,0,44,0,1,0,0,0,0,0,0,SNAP,0,2.325545799,AWAY,CHI,2797,0,14,14,2,45,45,0.181835,0.00657674,0.496095,0.226404,0.0223815,0.0667078,0.695766,0,0
64,10,81,81,-6,6,0,0,0,0,5,CHI,2,25,25,25,25,25,25,2,2,25,25,25,25,25,25,25,25,25,25,25,25,46.14108798,SHOT,20001,0,8475683,Sergei Bobrovsky,0,120,5,4,FLA,2,1,288,0,0,TAKE,0,0,AWAY,58,58,34,34,HOMEZONE,1,3,8,0,C,2025,L,Ryan Donato,8477987,25,25,25,25,25,25,25,25,1,4,25,25,25,25,25,25,25,25,25,25,25,25,-36.86989765,36.86989765,0,0,0,10,0,1,0,0,0,0,0,0,SNAP,1,2.714181646,AWAY,CHI,2871,0,25,17,1,81,81,0.148077,0.016312,0.352711,0.377589,0.0228665,0.0824457,0.842862,-6,-6
65,57,35,35,-18,18,4.2,0,0,0,5,CHI,2,20.6,19,19,21.66666667,21.66666667,20.6,2,3,25,21,21,25,25,25,17,17,17,20,20,17,123.0447073,MISS,20001,0,8475683,Sergei Bobrovsky,0,0,0,5,FLA,2,1,295,0,0,HIT,0,0,HOME,-87,-87,-34,-34,HOMEZONE,0,3,5,0,,2025,R,Connor Murphy,8476473,6,6,24.8,20,20,28,28,24.8,2,3,30,20,20,30,30,30,20,20,20,25,25,20,-18.43494882,18.43494882,0,0,0,56.92099788,0,0,0,1,0,0,0,0,SLAP,0,11.18588248,AWAY,CHI,2942,3,70,11,4,35,35,0.165036,0.0195142,0.435391,0.327748,0.0191333,0.0331777,0.693553,-18,-18
66,9.486832981,-80,80,3,3,-13,0,0,0,5,CHI,2,29.2,43,43,20,20,29.2,2,3,44,44,44,20,20,44,20,42,42,20,20,20,149.6462495,GOAL,20001,1,8481519,Spencer Knight,0,0,0,5,FLA,2,1,297,1,0,HIT,0,0,HOME,65,-65,40,-40,AWAYZONE,1,3,70,0,,2025,L,Jesper Boqvist,8480003,16,16,16.2,0,0,27,27,16.2,2,3,41,0,0,41,41,41,0,0,0,20,20,0,-18.43494882,18.43494882,0,0,0,9.486832981,0,0,0,0,0,0,0,0,DEFL,1,4.40136028,HOME,FLA,2980,-20,108,34,0,-80,80,0.111139,0.13951,0.416669,0.252406,0.0257983,0.054477,0.60322,3,-3
67,13,-76,76,0,0,-26.4,0,0,0,5,CHI,2,50.4,58,53,45.33333333,42,46.4,2,3,58,58,53,58,53,53,20,58,53,20,20,20,98.48857802,SHOT,20001,0,8481519,Spencer Knight,0,0,0,5,FLA,3,1,301,1,0,FAC,0,0,HOME,20,-20,22,-22,AWAYZONE,0,3,27,0,,2025,L,Eetu Luostarinen,8480185,19,19,20,20,20,20,20,20,2,3,20,20,20,20,20,20,20,20,20,20,20,20,0,0,0,0,0,13,0,0,0,1,0,0,0,0,BACK,1,1.858275057,HOME,FLA,3038,0,53,53,3,-76,76,0.11556,0.114182,0.407834,0.261053,0.0153816,0.0859891,0.844461,0,0
68,56,-36,36,19,19,0,0,0,0,5,CHI,2,9,2,2,13.66666667,2,2,2,3,37,2,2,37,2,2,2,2,2,2,2,2,33.13608305,SHOT,20001,0,8481519,Spencer Knight,0,0,0,5,FLA,3,1,304,1,0,FAC,0,0,HOME,-69,69,22,-22,AWAYZONE,0,3,5,0,D,2025,R,Aaron Ekblad,8477932,22,2,10,22,2,2,2,2,2,3,22,22,2,2,2,2,2,22,2,2,2,2,-19.72227776,19.72227776,0,0,0,56.30275304,0,1,0,0,0,0,0,0,WRIST,1,16.56804153,HOME,FLA,3043,0,2,2,2,-36,36,0.443649,0.0230107,0.295395,0.177497,0.0231724,0.037276,0.812626,19,-19
69,26,-68,68,16,16,1.8,0,0,0,5,CHI,2,37.4,33,29,40.33333333,26,27.2,2,3,68,33,29,68,29,29,20,33,29,20,20,20,54.23098745,SHOT,20001,0,8481519,Spencer Knight,0,0,0,5,FLA,3,1,309,1,0,GIVE,0,0,AWAY,-73,73,-38,38,AWAYZONE,1,3,63,0,L,2025,L,Brad Marchand,8473419,33,29,41,53,29,33,29,29,2,3,53,53,29,33,29,29,33,53,29,33,29,29,-37.30394828,37.30394828,0,0,0,26.40075756,0,0,0,0,1,0,0,0,WRIST,1,2.711549373,HOME,FLA,3074,9,29,20,16,-68,68,0.132978,0.0633243,0.432559,0.296118,0.0197079,0.055314,0.725992,16,-16
70,5.385164807,-87,87,-5,5,5.8,0,0,0,5,CHI,2,28,15.5,15.5,36.33333333,35,27.2,2,3,60,16,16,60,56,56,15,15,15,15,15,15,180.2692431,MISS,20001,0,8481519,Spencer Knight,0,0,0,5,FLA,3,1,312,1,0,HIT,0,0,HOME,89,-89,34,-34,AWAYZONE,0,3,23,0,C,2025,L,Carter Verhaeghe,8477409,60,56,34.6,20,20,44.33333333,41.66666667,33,2,3,60,20,20,60,56,56,13,20,20,13,13,13,68.19859051,68.19859051,0,0,0,5.385164807,0,0,0,0,1,0,0,0,WRIST,0,25.75274901,HOME,FLA,3101,-2,56,7,24,-87,87,0.152699,0.2047,0.289059,0.229038,0.0202074,0.104297,0.929662,-5,5
71,39,-57,57,-23,23,-13.2,0,0,0,5,CHI,2,52,39.5,39.5,60.33333333,59,51.2,2,3,84,40,40,84,80,80,39,39,39,39,39,39,34.98571137,SHOT,20001,0,8481519,Spencer Knight,0,0,0,5,FLA,3,1,313,1,0,MISS,68.19859051,5.385164807,HOME,-87,87,-5,5,AWAYZONE,0,3,77,23,D,2025,L,Niko Mikkola,8478859,27,27,38.8,26.5,26.5,47,45.66666667,38,2,3,84,27,27,84,80,80,20,26,26,20,20,20,35.7066914,35.7066914,32.49189911,1.35382913,0,39.40812099,0,1,0,0,0,0,0,0,WRIST,1,1.457737974,HOME,FLA,3125,-19,80,24,2,-57,57,0.185051,0.0211494,0.453236,0.278418,0.0217772,0.0403682,0.714872,-23,23
72,54,54,54,41,41,0,0,0,0,5,CHI,2,56.2,46,22,63,22,22,2,3,85,46,22,85,22,22,46,46,22,48,22,22,60.81118318,MISS,20001,0,8475683,Sergei Bobrovsky,0,0,0,5,FLA,3,1,326,0,0,GIVE,0,0,HOME,97,97,-2,-2,HOMEZONE,0,3,48,0,D,2025,L,Matt Grzelcyk,8476891,46,22,43.2,46,22,41.33333333,22,22,2,3,46,46,22,46,22,22,32,46,22,32,22,22,49.51398846,49.51398846,0,0,0,53.90732789,0,0,0,1,0,0,0,0,SNAP,0,60.81118318,AWAY,CHI,3173,0,22,0,2,54,54,0.243719,0.015524,0.402189,0.279031,0.029024,0.0305133,0.758176,41,41
73,58,35,35,-20,20,0,0,0,0,5,CHI,2,3,3,3,3,3,3,2,3,3,3,3,3,3,3,3,3,3,3,3,3,54.03702434,SHOT,20001,0,8475683,Sergei Bobrovsky,0,0,0,5,FLA,3,1,329,0,0,FAC,0,0,AWAY,69,69,22,22,HOMEZONE,0,3,5,0,D,2025,R,Connor Murphy,8476473,3,3,3,3,3,3,3,3,2,3,3,3,3,3,3,3,3,3,3,3,3,3,-20.32313683,20.32313683,0,0,0,57.5847202,0,0,0,0,1,0,0,0,SNAP,1,18.01234145,AWAY,CHI,3178,0,3,3,11,35,35,0.416794,0.0300442,0.303796,0.183013,0.0253218,0.0410305,0.769408,-20,-20
74,7.615773106,-82,82,3,3,0,0,0,0,5,CHI,2,14,14,14,14,14,14,2,3,14,14,14,14,14,14,14,14,14,14,14,14,119.2392553,SHOT,20001,0,8481519,Spencer Knight,0,0,0,5,FLA,3,1,330,1,0,SHOT,0,0,AWAY,35,-35,-20,20,AWAYZONE,0,3,71,5,C,2025,R,Luke Kunin,8479316,14,14,14,14,14,14,14,14,2,3,14,14,14,14,14,14,14,14,14,14,14,14,-23.19859051,23.19859051,0,0,0,7.615773106,0,1,0,0,0,0,0,0,WRIST,1,10.8399323,HOME,FLA,3189,0,14,11,2,-82,82,0.141174,0.197759,0.336559,0.199288,0.0221883,0.103031,0.939147,3,-3
75,50,56,56,-38,38,-13,0,0,0,5,CHI,2,33,52.5,52.5,20,20,33,2,3,72,72,72,20,20,72,20,33,33,20,20,20,67.08203933,SHOT,20001,0,8475683,Sergei Bobrovsky,0,0,0,5,FLA,3,1,335,0,0,TAKE,0,0,AWAY,-10,-10,-26,-26,HOMEZONE,0,3,55,0,,2025,R,Artyom Levshunov,8484783,28,28,20,20,20,20,20,20,2,3,20,20,20,20,20,20,20,20,20,20,20,20,-49.02826367,49.02826367,0,0,0,50.32891813,1,0,0,0,0,0,0,0,,1,2.236067978,AWAY,CHI,3263,0,72,30,2,56,56,0.269379,0.0104957,0.376425,0.297726,0.0184211,0.0275539,0.771761,-38,-38
76,30,61,61,10,10,-8,0,0,0,5,CHI,2,37,54.5,54.5,25.33333333,25.33333333,37,2,3,74,74,74,30,30,74,22,35,35,22,22,22,48.25971405,MISS,20001,0,8475683,Sergei Bobrovsky,0,0,0,5,FLA,3,1,336,0,0,SHOT,-49.02826367,50.32891813,AWAY,56,56,-38,-38,HOMEZONE,0,3,44,55,D,2025,,Wyatt Kaiser,8482176,31,31,29,30.5,30.5,28,28,29,2,3,32,31,31,32,32,32,22,30,30,22,22,22,19.65382406,19.65382406,68.68208772,34.34104386,1,29.73213749,0,0,0,1,0,0,1,0,SNAP,0,24.12985702,AWAY,CHI,3265,0,74,2,3,61,61,0.214358,0.229012,0.271585,0.206111,0.0343947,0.0445388,0.775911,10,10
77,64,33,33,-32,32,0,0,0,0,5,CHI,2,46,46,46,46,46,46,2,3,46,46,46,46,46,46,46,46,46,46,46,46,48.25971405,SHOT,20001,0,8475683,Sergei Bobrovsky,0,0,0,5,FLA,3,1,341,0,0,BLOCK,0,0,AWAY,60,60,8,8,HOMEZONE,0,3,55,0,D,2025,R,Artyom Levshunov,8484783,86,46,62.2,86.5,46,46,46,46,2,3,87,87,46,46,46,46,46,86,46,46,46,46,-29.7448813,29.7448813,0,0,0,64.49806199,0,1,0,0,0,0,0,0,,1,1.237428565,AWAY,CHI,3321,0,46,39,2,33,33,0.260577,0.0106765,0.36567,0.307434,0.016229,0.0394133,0.77281,-32,-32
78,24,-65,65,0,0,0,0,0,0,5,CHI,2,17,17,17,17,17,17,2,3,17,17,17,17,17,17,17,17,17,17,17,17,135.7939616,SHOT,20001,0,8481519,Spencer Knight,0,0,0,5,FLA,3,1,344,1,0,FAC,0,0,AWAY,69,-69,-22,22,AWAYZONE,0,3,63,0,L,2025,L,Brad Marchand,8473419,17,17,17,17,17,17,17,17,2,3,17,17,17,17,17,17,17,17,17,17,17,17,0,0,0,0,0,24,0,1,0,0,0,0,0,0,WRIST,1,7.987880093,HOME,FLA,3340,0,17,17,2,-65,65,0.114243,0.104928,0.429312,0.261851,0.0231441,0.0665213,0.748619,0,0
79,94,-2,2,-35,35,12,0,0,0,5,CHI,2,19.6,19,19,20,20,19.6,2,3,20,20,20,20,20,20,18,18,18,20,20,18,103.9663407,MISS,20001,0,8475683,Sergei Bobrovsky,0,0,0,5,FLA,3,1,355,0,0,HIT,0,0,HOME,-74,74,40,-40,Neu. Zone,0,3,16,0,,2025,L,Jason Dickinson,8477450,8,8,31.6,49,49,20,20,31.6,2,3,55,55,55,20,20,55,20,43,43,20,20,20,21.91486633,21.91486633,0,0,0,93.77632964,0,0,0,0,1,0,0,0,,0,7.997410824,AWAY,CHI,3451,2,94,13,14,-2,2,0.227472,0.00595001,0.199022,0.536978,0.0204554,0.0101226,0.908155,-35,35
80,23,-66,66,-1,1,-1,0,0,0,5,CHI,2,31.2,35,35,28.66666667,28.66666667,31.2,2,3,46,35,35,46,46,46,20,35,35,20,20,20,38.47076812,SHOT,20001,0,8481519,Spencer Knight,0,0,0,5,FLA,3,1,357,1,0,HIT,0,0,AWAY,-72,72,-39,39,AWAYZONE,1,3,13,0,C,2025,R,Sam Reinhart,8477933,45,45,30.2,20,20,37,37,30.2,2,3,46,20,20,46,46,46,20,20,20,20,20,20,2.489552922,2.489552922,0,0,0,23.02172887,0,0,0,0,1,0,0,0,WRIST,1,1.748671278,HOME,FLA,3487,0,130,22,32,-66,66,0.104111,0.093692,0.42638,0.28544,0.017723,0.0726541,0.706787,-1,1
81,52,45,45,28,28,0,0,0,0,5,CHI,2,39.4,67,18,21,18,18,2,3,67,67,18,27,18,18,18,67,18,18,18,18,82.00609733,SHOT,20001,0,8475683,Sergei Bobrovsky,0,0,0,5,FLA,3,1,362,0,0,FAC,0,0,HOME,-20,-20,-22,-22,HOMEZONE,0,3,86,0,C,2025,L,Teuvo Teravainen,8476882,18,18,51,43,18,53,18,18,1,4,71,43,18,71,18,18,18,43,18,18,18,18,32.47119229,32.47119229,0,0,0,52.15361924,1,0,0,0,0,0,0,0,,1,4.555894296,AWAY,CHI,3550,0,18,18,2,45,45,0.265631,0.0108016,0.384079,0.289823,0.0178182,0.0318471,0.721977,28,28
82,17,93,93,17,17,-2,1,0,0,6,CHI,2,41.4,69,20,23,20,20,2,3,69,69,20,29,20,20,20,69,20,20,20,20,49.24428901,MISS,20001,0,8475683,Sergei Bobrovsky,0,0,0,5,FLA,3,1,363,0,0,SHOT,32.47119229,52.15361924,AWAY,45,45,28,28,HOMEZONE,1,3,91,86,C,2025,R,Frank Nazar,8483493,69,20,45.5,45,20,45.6,17.6,18,1,5,73,45,20,73,20,20,8,45,20,8,8,8,76.75948008,76.75948008,44.28828779,22.1441439,0,17.4642492,0,0,0,1,0,0,1,0,,0,24.6221445,AWAY,CHI,3552,-12,20,2,12,93,93,0.143,0.01,0.405,0.324,0.05,0.068,0.3,17,17
83,28,69,69,-20,20,-2,1,0,0,6,CHI,2,53.4,81,32,35,32,32,2,3,81,81,32,41,32,32,32,81,32,32,32,32,44.10215414,MISS,20001,0,8475683,Sergei Bobrovsky,0,0,0,5,FLA,3,1,364,0,0,MISS,76.75948008,17.4642492,AWAY,93,93,17,17,HOMEZONE,0,3,6,91,D,2025,R,Sam Rinzel,8483506,57,32,57.5,57,32,57.6,29.6,30,1,5,85,57,32,85,32,32,20,57,32,20,20,20,-45,45,121.7594801,10.14662334,1,28.28427125,0,0,0,0,1,0,0,0,,0,3.675179512,AWAY,CHI,3564,-12,32,12,36,69,69,0.0972897,0.0302246,0.640996,0.166961,0.0172575,0.0472709,0.659959,-20,-20
84,11,84,84,-10,10,0,0,0,0,5,PIT,0,21,21,21,21,21,21,2,3,21,21,21,21,21,21,21,21,21,21,21,21,84.59314393,SHOT,20002,0,8478048,Igor Shesterkin,0,0,0,5,NYR,0,0,6,0,0,FAC,0,0,HOME,0,0,0,0,HOMEZONE,1,1,87,0,C,2025,L,Sidney Crosby,8471675,21,21,21,21,21,21,21,21,2,3,21,21,21,21,21,21,21,21,21,21,21,21,-63.43494882,63.43494882,0,0,0,11.18033989,1,0,0,0,0,0,0,0,WRIST,1,4.028244949,AWAY,PIT,21,0,21,21,1,84,84,0.123742,0.0603002,0.413729,0.293337,0.0201856,0.0887064,0.839006,-10,-10
85,5.385164807,87,87,-5,5,0,0,0,0,5,PIT,0,22,22,22,22,22,22,2,3,22,22,22,22,22,22,22,22,22,22,22,22,5.830951895,SHOT,20002,0,8478048,Igor Shesterkin,0,0,0,5,NYR,0,0,7,0,0,SHOT,-63.43494882,11.18033989,AWAY,84,84,-10,-10,HOMEZONE,1,1,87,87,C,2025,L,Sidney Crosby,8471675,22,22,22,22,22,22,22,22,2,3,22,22,22,22,22,22,22,22,22,22,22,22,-68.19859051,68.19859051,4.763641691,4.763641691,0,5.385164807,0,0,0,1,0,0,1,0,WRIST,1,5.830951895,AWAY,PIT,22,0,22,1,19,87,87,0.357509,0.134664,0.238289,0.143722,0.0296317,0.0961844,0.960501,-5,-5
86,6.08276253,88,88,-6,6,0,0,0,0,5,PIT,0,41,41,41,41,41,41,2,3,41,41,41,41,41,41,41,41,41,41,41,41,2.236067978,MISS,20002,0,8478048,Igor Shesterkin,0,0,0,5,NYR,0,0,8,0,0,SHOT,-68.19859051,5.385164807,AWAY,87,87,-5,-5,HOMEZONE,1,1,87,87,C,2025,L,Sidney Crosby,8471675,41,41,41,41,41,41,41,41,2,3,41,41,41,41,41,41,41,41,41,41,41,41,-80.53767779,80.53767779,12.33908728,0.649425646,0,6.08276253,0,0,0,1,0,0,0,0,WRAP,0,0.117687788,AWAY,PIT,41,0,41,19,3,89,88,0.139615,0.0444982,0.414405,0.283058,0.0171159,0.101309,0.857277,-6,-6
87,68,30,30,-33,33,0,0,0,0,5,PIT,0,46,46,46,46,46,46,2,3,46,46,46,46,46,46,46,46,46,46,46,46,64.84597135,MISS,20002,0,8478048,Igor Shesterkin,0,0,0,5,NYR,0,0,10,0,0,GIVE,0,0,HOME,92,92,-14,-14,HOMEZONE,0,1,45,0,D,2025,,Harrison Brunicke,8484839,46,46,46,46,46,46,46,46,2,3,46,46,46,46,46,46,46,46,46,46,46,46,-29.21924669,29.21924669,0,0,0,67.60177512,0,0,0,0,1,0,0,0,SNAP,0,32.42298567,AWAY,PIT,46,0,46,2,13,30,30,0.23593,0.0346409,0.376022,0.304996,0.0237624,0.0246483,0.652498,-33,-33
88,36,-59,59,-19,19,28.1,0,120,15,4,PIT,0,16.5,16.5,16.5,16.5,16.5,16.5,2,2,17,17,17,17,17,17,16,16,16,16,16,16,55.22680509,SHOT,20002,0,8481668,Arturs Silovs,0,0,0,5,NYR,0,0,15,1,0,GIVE,0,0,HOME,-18,18,18,-18,AWAYZONE,0,1,13,0,L,2025,L,Alexis Lafreniere,8482109,44,44,44.6,62,62,40.25,40.25,44.6,1,4,62,62,62,44,44,62,37,62,62,37,37,37,32.3474435,32.3474435,0,0,0,35.51056181,0,0,0,1,0,0,0,0,SNAP,1,1.127077655,HOME,NYR,164,21,105,49,3,-59,59,0.194168,0.0569793,0.406116,0.281443,0.0228793,0.038414,0.758834,-19,19
89,41,63,63,32,32,-4.6,0,0,0,5,PIT,0,13,13,13,13,13,13,2,3,13,13,13,13,13,13,13,13,13,13,13,13,142.6183719,SHOT,20002,0,8478048,Igor Shesterkin,0,0,0,5,NYR,0,0,18,0,0,FAC,0,0,HOME,-69,-69,-22,-22,HOMEZONE,1,1,67,0,R,2025,R,Rickard Rakell,8476483,32,13,20.2,12,5.333333333,32.5,13,8.4,3,2,33,33,13,33,13,13,1,1,1,32,13,1,50.90614111,50.90614111,0,0,0,41.23105626,0,0,0,0,1,0,0,0,BACK,1,10.97064399,AWAY,PIT,180,-12,13,13,8,63,63,0.262254,0.00706577,0.380498,0.300264,0.0240525,0.025866,0.730667,32,32
90,67,-32,32,35,35,3.4,0,0,0,5,PIT,0,23.4,37.5,27.5,14,14,19.4,2,3,53,53,33,18,18,33,10,22,22,10,10,10,97.25224933,MISS,20002,0,8481668,Arturs Silovs,0,0,0,5,NYR,0,0,20,1,0,GIVE,0,0,AWAY,65,-65,42,-42,AWAYZONE,0,1,23,0,D,2025,R,Adam Fox,8479323,7,7,22.8,7.5,7.5,33,33,22.8,2,3,33,8,8,33,33,33,7,7,7,33,33,7,-31.55138495,31.55138495,0,0,0,66.88796603,0,0,0,0,1,0,0,0,SNAP,0,8.104354111,HOME,NYR,200,-3,33,12,67,-32,32,0.216422,0.0114337,0.412808,0.319429,0.0206971,0.0192114,0.696852,35,-35
91,12,-78,78,-4,4,-0.2,0,0,0,5,PIT,0,23,25,25,21.66666667,21.66666667,23,2,3,37,37,37,24,24,37,13,13,13,20,20,13,60.30754513,MISS,20002,0,8481668,Arturs Silovs,0,0,0,5,NYR,0,0,21,1,0,MISS,-31.55138495,66.88796603,HOME,-32,32,35,-35,AWAYZONE,1,1,93,23,C,2025,R,Mika Zibanejad,8476459,22,22,22.8,27,27,20,20,22.8,2,3,29,29,29,22,22,29,18,25,25,18,18,18,19.98310652,19.98310652,51.53449147,0.769171514,1,11.70469991,0,0,0,1,0,0,0,0,WRIST,0,0.900112614,HOME,NYR,267,5,100,67,8,-78,78,0.118659,0.137083,0.397789,0.231918,0.0233465,0.0912042,0.871917,-4,4
92,30,-59,59,-5,5,6.6,0,0,0,5,PIT,0,25.2,32.5,32.5,20.33333333,20.33333333,25.2,2,3,33,33,33,31,31,33,14,32,32,14,14,14,41.23105626,MISS,20002,0,8481668,Arturs Silovs,0,0,0,5,NYR,0,0,27,1,0,HIT,0,0,HOME,-91,91,-31,31,AWAYZONE,0,1,84,0,C,2025,L,Adam Edstrom,8481726,38,38,31.8,7,7,48.33333333,48.33333333,31.8,2,3,55,8,8,55,55,55,6,6,6,38,38,6,9.462322208,9.462322208,0,0,0,30.41381265,0,0,0,0,1,0,0,0,TIP,0,20.61552813,HOME,NYR,340,-8,173,2,19,-59,59,0.140737,0.0885089,0.395536,0.303396,0.0323781,0.039443,0.525384,-5,5
93,35,62,62,-23,23,-6.6,0,0,0,5,PIT,0,50.8,26,26,67.33333333,67.33333333,50.8,2,3,74,27,27,74,74,74,25,25,25,57,57,25,122.3315168,MISS,20002,0,8478048,Igor Shesterkin,0,0,0,5,NYR,0,0,28,0,0,MISS,0,0,HOME,-59,-59,-5,-5,HOMEZONE,0,1,65,84,D,2025,R,Erik Karlsson,8474578,52,52,44.2,51.5,51.5,39.33333333,39.33333333,44.2,2,3,52,52,52,50,50,52,33,51,51,33,33,33,-40.42607874,40.42607874,0,0,0,35.4682957,0,0,0,0,1,0,0,0,SNAP,0,6.438500884,AWAY,PIT,359,8,192,19,19,62,62,0.177304,0.0420618,0.375268,0.347109,0.0242017,0.0340552,0.782133,-23,-23
94,52,-54,54,38,38,1.4,0,0,0,5,PIT,0,19.2,20,20,18.66666667,18.66666667,19.2,2,3,25,25,25,20,20,25,15,15,15,18,18,15,123.9112586,SHOT,20002,0,8481668,Arturs Silovs,0,0,0,5,NYR,0,0,30,1,0,BLOCK,0,0,AWAY,69,-69,23,-23,AWAYZONE,0,1,17,0,D,2025,R,Will Borgen,8478840,18,18,20.6,20.5,20.5,20.66666667,20.66666667,20.6,2,3,23,23,23,23,23,23,17,18,18,17,17,17,-47.35329687,47.35329687,47.35329687,5.26147743,0,51.66236541,0,0,0,1,0,0,0,0,SNAP,1,13.76791762,HOME,NYR,387,2,220,9,0,-54,54,0.242633,0.0104163,0.383262,0.307613,0.0264056,0.0296692,0.796631,38,-38
95,38,52,52,8,8,0,0,0,0,5,PIT,0,21,21,21,21,21,21,2,3,21,21,21,21,21,21,21,21,21,21,21,21,34.4818793,SHOT,20002,0,8478048,Igor Shesterkin,0,0,0,5,NYR,0,0,37,0,0,FAC,0,0,HOME,69,69,-22,-22,HOMEZONE,1,1,67,0,R,2025,R,Rickard Rakell,8476483,21,21,21,21,21,21,21,21,2,3,21,21,21,21,21,21,21,21,21,21,21,21,12.20046873,12.20046873,0,0,0,37.85498646,0,0,0,1,0,0,0,0,WRIST,1,1.641994252,AWAY,PIT,425,0,21,21,3,52,52,0.165098,0.0337795,0.441761,0.29657,0.0199031,0.0428872,0.649258,8,8
96,63,-26,26,2,2,-5,0,0,0,5,PIT,0,20,33.5,33.5,11,11,20,2,3,34,34,34,15,15,34,9,33,33,9,9,9,33.52610923,MISS,20002,0,8481668,Arturs Silovs,0,0,0,5,NYR,0,0,46,1,0,GIVE,0,0,AWAY,-36,36,-30,30,AWAYZONE,1,1,18,0,D,2025,L,Urho Vaakanainen,8480001,17,17,15,16,16,14.33333333,14.33333333,15,2,3,17,17,17,16,16,17,11,15,15,11,11,11,-1.818302964,1.818302964,0,0,0,63.03173804,1,0,0,0,0,0,0,0,SLAP,0,4.789444176,HOME,NYR,587,2,134,7,1,-26,26,0.172412,0.0211234,0.412801,0.345498,0.0204223,0.0277422,0.681026,2,-2
97,7.615773106,-82,82,-3,3,-5,0,0,0,5,PIT,0,21,34.5,34.5,12,12,21,2,3,35,35,35,16,16,35,10,34,34,10,10,10,56.22277119,SHOT,20002,0,8481668,Arturs Silovs,0,0,0,5,NYR,0,0,47,1,0,MISS,-1.818302964,63.03173804,HOME,-26,26,2,-2,AWAYZONE,0,1,13,18,L,2025,L,Alexis Lafreniere,8482109,12,12,16,17,17,15.33333333,15.33333333,16,2,3,18,18,18,17,17,18,12,16,16,12,12,12,23.19859051,23.19859051,25.01689348,25.01689348,1,7.615773106,0,0,0,1,0,0,1,0,WRIST,1,56.22277119,HOME,NYR,588,2,135,1,16,-82,82,0.28738,0.306941,0.168561,0.107029,0.0314708,0.0986184,0.96019,-3,3
98,43,-50,50,19,19,-16.2,0,0,0,5,PIT,0,36.6,47,47,29.66666667,29.66666667,36.6,2,3,48,48,48,32,32,48,27,46,46,27,27,27,87.14355972,SHOT,20002,0,8481668,Arturs Silovs,0,0,0,5,NYR,0,0,52,1,0,GIVE,0,0,AWAY,37,-37,24,-24,AWAYZONE,0,1,93,0,C,2025,R,Mika Zibanejad,8476459,26,26,20.4,10.5,10.5,27,27,20.4,2,3,32,11,11,32,32,32,10,10,10,23,23,10,-25.97439396,25.97439396,0,0,0,43.38202393,0,0,0,0,1,0,0,0,SNAP,1,5.446472482,HOME,NYR,665,-17,212,16,6,-50,50,0.194953,0.0281775,0.428683,0.293202,0.022324,0.0326605,0.717839,19,-19
99,9.219544457,-80,80,2,2,-3.4,0,0,0,5,PIT,0,10.8,12,12,10,10,10.8,2,3,13,13,13,12,12,13,9,11,11,9,9,9,37,MISS,20002,0,8481668,Arturs Silovs,0,0,0,5,NYR,0,0,54,1,0,HIT,0,0,HOME,-68,68,37,-37,AWAYZONE,1,1,43,0,L,2025,L,Conor Sheary,8477839,10,10,7.4,1.5,1.5,11.33333333,11.33333333,7.4,2,3,14,3,3,14,14,14,0,0,0,10,10,0,-12.52880771,12.52880771,0,0,0,9.219544457,0,0,0,0,1,0,0,0,WRIST,0,2.846153846,HOME,NYR,684,-9,231,13,42,-80,80,0.138257,0.120589,0.393985,0.215887,0.0195065,0.111776,0.924351,2,-2
100,58,-36,36,24,24,0.4,0,0,0,5,PIT,0,12,15.5,15.5,9.666666667,9.666666667,12,2,3,16,16,16,10,10,16,9,15,15,9,9,9,56.43580424,SHOT,20002,0,8481668,Arturs Silovs,0,0,0,5,NYR,0,0,62,1,0,TAKE,0,0,HOME,20,-20,31,-31,AWAYZONE,0,1,4,0,D,2025,R,Braden Schneider,8482073,9,9,12.4,10,10,14,14,12.4,2,3,16,11,11,16,16,16,9,9,9,12,12,9,-24.36245302,24.36245302,0,0,0,58.18075283,0,0,0,0,1,0,0,0,SLAP,1,3.527237765,HOME,NYR,843,0,390,16,27,-36,36,0.179776,0.0140088,0.436594,0.312989,0.0194503,0.0371815,0.676247,24,-24
101,42,53,53,22,22,-0.6,0,0,0,5,PIT,0,31,22,22,37,37,31,2,3,40,39,39,40,40,40,5,5,5,35,35,5,74.20242584,SHOT,20002,0,8478048,Igor Shesterkin,0,0,0,5,NYR,0,0,65,0,0,HIT,0,0,HOME,8,8,-37,-37,HOMEZONE,0,1,82,0,D,2025,L,Caleb Jones,8478452,20,20,30.4,20,20,37.33333333,37.33333333,30.4,2,3,38,20,20,38,38,38,20,20,20,36,36,20,31.42956561,31.42956561,0,0,0,42.19004622,0,0,0,1,0,0,0,0,SNAP,1,3.533448849,AWAY,PIT,923,15,470,21,11,53,53,0.214024,0.0322343,0.39716,0.300411,0.0215623,0.0346082,0.760814,22,22
102,15,75,75,5,5,-0.6,0,0,0,5,PIT,0,44,35,35,50,50,44,2,3,53,52,52,53,53,53,18,18,18,48,48,18,28.01785145,SHOT,20002,0,8478048,Igor Shesterkin,0,0,0,5,NYR,0,0,67,0,0,BLOCK,0,0,AWAY,59,59,-18,-18,HOMEZONE,1,1,53,0,R,2025,R,Philip Tomasino,8481577,51,51,43.4,33,33,50.33333333,50.33333333,43.4,2,3,51,33,33,51,51,51,33,33,33,49,49,33,19.65382406,19.65382406,0,0,0,14.86606875,0,1,0,0,0,0,0,0,WRIST,1,14.00892573,AWAY,PIT,936,15,483,2,0,75,75,0.181239,0.264419,0.231577,0.196868,0.0298834,0.0960137,0.893864,5,5
103,19,-70,70,-3,3,0,0,0,0,5,PIT,0,32,32,32,32,32,32,2,3,32,32,32,32,32,32,32,32,32,32,32,32,169.0266251,MISS,20002,0,8481668,Arturs Silovs,0,0,0,5,NYR,0,0,71,1,0,GIVE,0,0,HOME,99,-99,0,0,AWAYZONE,0,1,8,0,C,2025,L,J.T. Miller,8476468,32,32,35.6,41,32,32,32,32,2,3,50,50,32,32,32,32,32,32,32,32,32,32,8.972626615,8.972626615,0,0,0,19.23538406,0,0,0,1,0,0,0,0,TIP,0,5.828504315,HOME,NYR,968,0,32,29,4,-70,70,0.0827192,0.0907669,0.475476,0.287007,0.0245523,0.0394785,0.440565,-3,3
104,15,-77,77,-9,9,-3.6,0,0,0,5,PIT,0,20,16,16,22.66666667,22.66666667,20,2,3,36,17,17,36,36,36,15,15,15,15,15,15,158.533908,SHOT,20002,0,8481668,Arturs Silovs,0,0,0,5,NYR,0,0,76,1,0,BLOCK,0,0,AWAY,81,-81,4,-4,AWAYZONE,1,1,14,0,R,2025,R,Taylor Raddysh,8479390,13,13,16.4,19.5,19.5,14.33333333,14.33333333,16.4,2,3,21,21,21,15,15,21,13,18,18,13,13,13,36.86989765,36.86989765,36.86989765,1.316782059,0,15,0,0,0,1,0,0,0,0,BACK,1,5.661925287,HOME,NYR,1050,-2,114,28,4,-77,77,0.136855,0.0591987,0.431185,0.304516,0.0177485,0.0504977,0.754187,-9,9
105,10,84,84,9,9,-20.4,0,0,0,5,PIT,0,42,48,48,38,38,42,2,3,48,48,48,48,48,48,18,48,48,18,18,18,19.84943324,SHOT,20002,0,8478048,Igor Shesterkin,0,0,0,5,NYR,0,0,84,0,0,FAC,0,0,AWAY,69,69,22,22,HOMEZONE,1,1,16,0,R,2025,R,Justin Brazeau,8479638,16,16,21.6,23,23,20.66666667,20.66666667,21.6,2,3,32,32,32,28,28,32,14,14,14,16,16,14,60.9453959,60.9453959,0,0,0,10.29563014,1,0,0,0,0,0,0,0,SNAP,1,0.413529859,AWAY,PIT,1156,-4,48,48,1,84,84,0.1419,0.0806589,0.429654,0.27809,0.0200646,0.0496325,0.836728,9,9
106,6.32455532,87,87,6,6,-20.4,0,0,0,5,PIT,0,43,49,49,39,39,43,2,3,49,49,49,49,49,49,19,49,49,19,19,19,4.242640687,SHOT,20002,0,8478048,Igor Shesterkin,0,0,0,5,NYR,0,0,85,0,0,SHOT,60.9453959,10.29563014,AWAY,84,84,9,9,HOMEZONE,1,1,16,16,R,2025,R,Justin Brazeau,8479638,17,17,22.6,24,24,21.66666667,21.66666667,22.6,2,3,33,33,33,29,29,33,15,15,15,17,17,15,71.56505118,71.56505118,10.61965528,10.61965528,0,6.32455532,0,0,0,1,0,0,1,0,WRIST,1,4.242640687,AWAY,PIT,1157,-4,49,1,2,87,87,0.346807,0.118374,0.267031,0.133569,0.0362613,0.0979575,0.934992,6,6
107,7.071067812,82,82,1,1,0,0,0,0,5,PIT,0,9.2,4,4,12.66666667,4,4,2,3,30,4,4,30,4,4,4,4,4,4,4,4,26.41968963,GOAL,20002,1,8478048,Igor Shesterkin,0,0,0,5,NYR,0,0,90,0,0,FAC,0,0,HOME,69,69,-22,-22,HOMEZONE,1,1,16,0,R,2025,R,Justin Brazeau,8479638,28,4,23.2,9,4,32.66666667,4,4,2,3,40,9,4,40,4,4,9,9,4,28,4,4,8.130102354,8.130102354,0,0,0,7.071067812,0,0,0,0,0,0,0,0,BACK,1,6.604922407,AWAY,PIT,1168,0,4,4,0,82,82,0.225602,0.241314,0.278491,0.12899,0.0182512,0.107351,0.956191,1,1
108,36,-70,70,-31,31,0,0,0,0,5,PIT,1,13,13,5,13,5,5,2,3,13,13,5,13,5,5,13,13,5,13,5,5,9.055385138,SHOT,20002,0,8481668,Arturs Silovs,0,0,0,5,NYR,0,0,94,1,0,FAC,0,0,HOME,-69,69,-22,22,AWAYZONE,0,1,13,0,L,2025,L,Alexis Lafreniere,8482109,17,5,17.4,5,5,25.66666667,5,5,2,3,43,5,5,43,5,5,5,5,5,17,5,5,58.49573328,58.49573328,0,0,0,36.35931793,0,0,0,0,1,0,0,0,SNAP,1,1.811077028,HOME,NYR,1181,0,5,5,9,-70,70,0.190175,0.010833,0.440605,0.305847,0.0186443,0.033896,0.733997,-31,31
109,42,57,57,27,27,-11,0,0,0,5,PIT,1,31.4,47,47,21,21,31.4,2,3,47,47,47,47,47,47,7,47,47,7,7,7,82.20097323,SHOT,20002,0,8481668,Arturs Silovs,0,0,0,5,NYR,0,0,102,1,0,HIT,0,0,HOME,8,8,-39,-39,AWAYZONE,1,2,93,0,C,2025,R,Mika Zibanejad,8476459,47,47,20.4,24,24,18,18,20.4,2,3,47,47,47,47,47,47,0,1,1,0,0,0,40.15599962,40.15599962,0,0,0,41.86884283,0,0,0,0,1,0,0,0,SNAP,1,16.44019465,HOME,NYR,1247,-7,47,5,6,57,57,0.235237,0.0265627,0.355998,0.327009,0.0267762,0.0284172,0.784558,27,27
110,29,68,68,20,20,-31.2,0,0,0,5,PIT,1,43.4,59,59,33,33,43.4,2,3,59,59,59,59,59,59,19,59,59,19,19,19,32.44996148,SHOT,20002,0,8481668,Arturs Silovs,0,0,0,5,NYR,0,0,104,1,0,HIT,0,0,AWAY,41,41,38,38,AWAYZONE,0,2,13,0,L,2025,L,Alexis Lafreniere,8482109,6,6,12.2,12,12,12.33333333,12.33333333,12.2,2,3,19,13,13,19,19,19,6,11,11,6,6,6,43.60281897,43.60281897,0,0,0,29,0,0,0,1,0,0,0,0,WRIST,1,5.408326913,HOME,NYR,1259,-13,59,6,4,68,68,0.15635,0.037436,0.472911,0.26988,0.020886,0.0425369,0.716967,20,20
111,31,-71,71,-25,25,-10.2,0,0,0,5,PIT,1,33.2,33,33,33.33333333,33.33333333,33.2,2,3,40,34,34,40,40,40,27,32,32,27,27,27,80.15609771,SHOT,20002,0,8478048,Igor Shesterkin,0,0,0,5,NYR,0,0,107,0,0,HIT,0,0,HOME,9,-9,-20,20,HOMEZONE,0,2,71,0,C,2025,L,Evgeni Malkin,8471215,42,42,23,11.5,11.5,30.66666667,30.66666667,23,2,3,42,12,12,42,42,42,10,11,11,10,10,10,54.24611275,54.24611275,0,0,0,30.8058436,1,0,0,0,0,0,0,0,SNAP,1,6.16585367,AWAY,PIT,1280,-17,80,13,2,-71,71,0.17526,0.0302239,0.401292,0.337413,0.0223467,0.0334638,0.75985,-25,25
112,30,-71,71,24,24,-10.2,0,0,0,5,PIT,1,35.2,35,35,35.33333333,35.33333333,35.2,2,3,42,36,36,42,42,42,29,34,34,29,29,29,49,SHOT,20002,0,8478048,Igor Shesterkin,0,0,0,5,NYR,0,0,108,0,0,SHOT,54.24611275,30.8058436,AWAY,-71,71,-25,25,HOMEZONE,0,2,65,71,D,2025,R,Erik Karlsson,8474578,13,13,25,13.5,13.5,32.66666667,32.66666667,25,2,3,44,14,14,44,44,44,12,13,13,12,12,12,-53.13010235,53.13010235,107.3762151,53.68810755,1,30,0,0,0,0,1,0,1,0,WRIST,1,24.5,AWAY,PIT,1282,-17,82,2,10,-71,71,0.290947,0.145544,0.277356,0.202437,0.0371548,0.0465616,0.746784,24,-24
113,43,-55,55,26,26,-26.4,0,0,0,5,PIT,1,43.6,61,61,32,32,43.6,2,3,63,63,63,49,49,63,5,59,59,5,5,5,65.19202405,SHOT,20002,0,8478048,Igor Shesterkin,0,0,0,5,NYR,0,0,116,0,0,HIT,0,0,AWAY,-90,90,-29,29,HOMEZONE,0,2,46,0,C,2025,,Blake Lizotte,8481481,19,19,17.2,17.5,17.5,17,17,17.2,2,3,19,18,18,19,19,19,13,17,17,13,13,13,-37.40535663,37.40535663,0,0,0,42.80186912,0,1,0,0,0,0,0,0,WRIST,1,5.432668671,AWAY,PIT,1396,8,102,12,2,-55,55,0.187797,0.0156256,0.467737,0.267178,0.0203217,0.0413408,0.728482,26,-26
114,62,30,30,-19,19,0,0,0,0,5,PIT,1,33.8,45.5,26,26,26,26,2,3,46,46,26,26,26,26,26,45,26,26,26,26,107.1540946,MISS,20002,0,8481668,Arturs Silovs,0,0,0,5,NYR,0,0,119,1,0,FAC,0,0,HOME,-69,-69,22,22,AWAYZONE,0,2,17,0,D,2025,R,Will Borgen,8478840,26,26,27.4,26,26,28.33333333,26,26,2,3,33,26,26,33,26,26,26,26,26,26,26,26,-17.8503183,17.8503183,0,0,0,61.98386887,1,0,0,0,0,0,0,0,WRIST,0,4.121311333,HOME,NYR,1424,0,26,26,1,30,30,0.201568,0.0104264,0.421523,0.310942,0.018982,0.0365594,0.677056,-19,-19
115,7.280109889,87,87,7,7,0,0,0,0,5,PIT,1,34.8,46.5,27,27,27,27,2,3,47,47,27,27,27,27,27,46,27,27,27,27,62.64982043,SHOT,20002,0,8481668,Arturs Silovs,0,0,0,5,NYR,0,0,120,1,0,MISS,-17.8503183,61.98386887,HOME,30,30,-19,-19,AWAYZONE,1,2,93,17,C,2025,R,Mika Zibanejad,8476459,34,27,28.4,27,27,29.33333333,27,27,2,3,34,27,27,34,27,27,27,27,27,27,27,27,74.0546041,74.0546041,91.9049224,91.9049224,1,7.280109889,0,0,0,0,1,0,1,0,WRIST,1,62.64982043,HOME,NYR,1425,0,27,1,6,87,87,0.168046,0.313521,0.248956,0.115898,0.03483,0.118748,0.908046,7,7
116,33,-56,56,0,0,0,0,0,0,5,PIT,1,34,41.5,29,29,29,29,2,3,42,42,29,29,29,29,29,41,29,29,29,29,37.57658846,SHOT,20002,0,8478048,Igor Shesterkin,0,0,0,5,NYR,0,0,130,0,0,GIVE,0,0,HOME,-72,72,-34,34,HOMEZONE,0,2,55,0,C,2025,R,Noel Acciari,8478569,29,29,29,29,29,29,29,29,2,3,29,29,29,29,29,29,29,29,29,29,29,29,0,0,0,0,0,33,0,0,0,1,0,0,0,0,WRIST,1,37.57658846,AWAY,PIT,1577,0,29,1,4,-56,56,0.228793,0.0740267,0.356866,0.254898,0.0255343,0.0598815,0.760767,0,0
117,91,-3,3,-30,30,0,0,0,0,5,PIT,1,40,40,40,40,40,40,2,3,40,40,40,40,40,40,40,40,40,40,40,40,36.87817783,SHOT,20002,0,8481668,Arturs Silovs,0,0,0,5,NYR,0,0,133,1,0,HIT,0,0,AWAY,-39,39,-38,38,Neu. Zone,1,2,39,0,C,2025,R,Sam Carrick,8475842,40,40,45,52.5,40,40,40,40,2,3,53,53,40,40,40,40,40,52,40,40,40,40,19.23067238,19.23067238,0,0,0,91.08238029,0,0,0,0,1,0,0,0,SLAP,1,36.87817783,HOME,NYR,1588,0,40,1,35,-3,3,0.0980844,0.00823441,0.344646,0.515092,0.0231737,0.0107689,0.792797,-30,30
118,31,-68,68,23,23,-4.8,0,0,0,5,PIT,1,41,41,41,41,41,41,2,3,43,43,43,42,42,43,39,39,39,40,40,39,146.9863939,SHOT,20002,0,8478048,Igor Shesterkin,0,0,0,5,NYR,0,0,135,0,0,BLOCK,0,0,HOME,75,-75,-11,11,HOMEZONE,0,2,65,0,D,2025,R,Erik Karlsson,8474578,31,31,36.2,31.5,31.5,39.33333333,39.33333333,36.2,2,3,41,32,32,41,41,41,31,31,31,38,38,31,-47.6025622,47.6025622,47.6025622,4.76025622,0,31.144823,0,0,0,1,0,0,0,0,WRIST,1,14.69863939,AWAY,PIT,1633,-8,85,10,2,-68,68,0.170396,0.0355149,0.393724,0.336626,0.0262264,0.0375127,0.736297,23,-23
119,43,-55,55,-27,27,0,0,0,0,5,PIT,1,10,10,10,10,10,10,2,3,10,10,10,10,10,10,10,10,10,10,10,10,143.0314651,SHOT,20002,0,8478048,Igor Shesterkin,0,0,0,5,NYR,0,0,148,0,0,GIVE,0,0,AWAY,88,-88,-30,30,HOMEZONE,0,2,46,0,C,2025,,Blake Lizotte,8481481,10,10,10,10,10,10,10,10,2,3,10,10,10,10,10,10,10,10,10,10,10,10,38.45370922,38.45370922,0,0,0,43.41658669,0,0,0,0,1,0,0,0,WRIST,1,28.60629301,AWAY,PIT,1750,0,10,5,32,-55,55,0.321144,0.021509,0.356678,0.24036,0.0283394,0.0319691,0.81336,-27,27
120,63,26,26,7,7,0.2,0,0,0,5,PIT,1,38.4,38.5,38.5,38.33333333,38.33333333,38.4,2,3,52,52,52,51,51,52,15,25,25,15,15,15,42.94182111,SHOT,20002,0,8481668,Arturs Silovs,0,0,0,5,NYR,0,0,158,1,0,BLOCK,0,0,HOME,64,64,-13,-13,AWAYZONE,0,2,18,0,D,2025,L,Urho Vaakanainen,8480001,44,44,38.6,44.5,44.5,34.66666667,34.66666667,38.6,2,3,45,45,45,37,37,45,32,44,44,32,32,32,6.340191746,6.340191746,0,0,0,63.38769597,0,0,0,0,1,0,0,0,WRIST,1,3.578485092,HOME,NYR,1910,17,79,12,12,26,26,0.178875,0.0161317,0.394296,0.36553,0.0179368,0.0272304,0.718703,7,7
121,36,-59,59,19,19,18.6,0,0,0,5,PIT,1,19,8.5,8.5,26,26,19,2,3,29,10,10,29,29,29,7,7,7,24,24,7,126.6688596,SHOT,20002,0,8478048,Igor Shesterkin,0,0,0,5,NYR,0,0,164,0,0,BLOCK,0,0,HOME,67,-67,6,-6,HOMEZONE,1,2,18,0,C,2025,L,Tommy Novak,8478438,29,29,37.6,30.5,30.5,42.33333333,42.33333333,37.6,2,3,68,43,43,68,68,68,18,18,18,29,29,18,-32.3474435,32.3474435,32.3474435,5.391240583,0,35.51056181,0,0,0,0,1,0,0,0,SNAP,1,21.11147661,AWAY,PIT,1963,11,132,6,17,-59,59,0.236901,0.0760841,0.316778,0.317395,0.0214643,0.0313778,0.80283,19,-19
122,32,75,75,29,29,-32.8,0,0,0,5,PIT,1,64.6,57.5,57.5,69.33333333,69.33333333,64.6,2,3,95,70,70,95,95,95,45,45,45,56,56,45,36.87817783,SHOT,20002,0,8481668,Arturs Silovs,0,0,0,5,NYR,0,0,166,1,0,BLOCK,0,0,HOME,51,51,1,1,AWAYZONE,1,2,23,0,D,2025,R,Adam Fox,8479323,34,34,31.8,35.5,35.5,29.33333333,29.33333333,31.8,2,3,51,37,37,51,51,51,18,34,34,18,18,18,64.23067238,64.23067238,0,0,0,32.20248438,0,0,0,1,0,0,0,0,WRIST,1,3.687817783,HOME,NYR,1990,-27,159,10,4,75,75,0.141339,0.0182857,0.511285,0.26144,0.0217953,0.0458551,0.694019,29,29
123,45,-52,52,-25,25,0,0,0,0,5,PIT,1,66,81.5,25,55.66666667,25,25,2,3,83,83,25,65,25,25,38,80,25,38,25,25,17.2626765,MISS,20002,0,8478048,Igor Shesterkin,0,0,0,5,NYR,0,0,172,0,0,FAC,0,0,AWAY,-69,69,-22,22,HOMEZONE,1,2,65,0,D,2025,R,Erik Karlsson,8474578,35,25,29.2,35.5,25,25,25,25,2,3,36,36,25,25,25,25,25,35,25,25,25,25,34.04593736,34.04593736,0,0,0,44.65422712,0,0,0,1,0,0,0,0,WRIST,0,0.69050706,AWAY,PIT,2036,0,25,25,3,-52,52,0.198647,0.0167257,0.428778,0.297223,0.0211944,0.0374319,0.706999,-25,25
124,6.708203933,-83,83,3,3,0,0,0,0,5,PIT,1,87,102.5,46,76.66666667,46,46,2,3,104,104,46,86,46,46,59,101,46,59,46,46,55.1724569,MISS,20002,0,8478048,Igor Shesterkin,0,0,0,5,NYR,0,0,175,0,0,BLOCK,0,0,AWAY,-43,43,-35,35,HOMEZONE,1,2,41,0,R,2025,L,Ville Koivunen,8482758,46,46,50.2,56.5,46,46,46,46,2,3,57,57,46,46,46,46,46,56,46,46,46,46,-26.56505118,26.56505118,0,0,0,6.708203933,0,0,0,0,1,0,0,0,BACK,0,3.940889778,AWAY,PIT,2057,0,46,14,28,-83,83,0.157108,0.157289,0.342142,0.245983,0.0155925,0.0818856,0.925846,3,-3
125,34,-59,59,16,16,-16.2,0,0,0,5,PIT,1,39.8,75.5,46.5,16,16,28.2,2,3,132,132,74,17,17,74,15,19,19,15,15,15,27.29468813,MISS,20002,0,8478048,Igor Shesterkin,0,0,0,5,NYR,0,0,176,0,0,MISS,-26.56505118,6.708203933,AWAY,-83,83,3,-3,HOMEZONE,1,2,19,41,C,2025,L,Connor Dewar,8480980,15,15,12,8,8,14.66666667,14.66666667,12,2,3,18,8,8,18,18,18,8,8,8,11,11,8,-28.07248694,28.07248694,1.507435759,0.053836991,0,34,0,0,0,0,1,0,0,0,SNAP,0,0.97481029,AWAY,PIT,2085,-7,74,28,39,-59,59,0.173422,0.058635,0.415993,0.293821,0.0221878,0.03594,0.728079,16,-16
126,24,73,73,18,18,-18.2,0,0,0,5,PIT,1,51,47,47,53.66666667,53.66666667,51,2,3,57,47,47,57,57,57,47,47,47,50,50,47,132.0151506,SHOT,20002,0,8481668,Arturs Silovs,0,0,0,5,NYR,0,0,177,1,0,MISS,0,0,AWAY,-59,-59,16,16,AWAYZONE,1,2,10,19,L,2025,R,Artemi Panarin,8478550,56,56,32.8,42,42,26.66666667,26.66666667,32.8,2,3,58,58,58,56,56,58,3,26,26,3,3,3,48.36646066,48.36646066,0,0,0,24.08318916,0,0,0,1,0,0,0,0,WRIST,1,3.385003863,HOME,NYR,2124,-44,113,39,3,73,73,0.114583,0.0470287,0.409398,0.353599,0.0217062,0.0536846,0.725426,18,18
127,13,79,79,-9,9,-18.2,0,0,0,5,PIT,1,55,51,51,57.66666667,57.66666667,55,2,3,61,51,51,61,61,61,51,51,51,54,54,51,0,MISS,20002,0,8481668,Arturs Silovs,0,0,0,5,NYR,0,0,179,1,0,BLOCK,0,0,HOME,79,79,-9,-9,AWAYZONE,0,2,14,0,R,2025,R,Taylor Raddysh,8479390,25,25,36.8,46,46,30.66666667,30.66666667,36.8,2,3,62,62,62,60,60,62,7,30,30,7,7,7,-41.9872125,41.9872125,0,0,0,13.45362405,0,0,0,0,1,0,0,0,WRIST,0,0,HOME,NYR,2128,-44,117,1,18,79,79,0.266759,0.171722,0.260011,0.172889,0.0400933,0.0885256,0.822194,-9,-9
128,40,-70,70,-35,35,-7.4,0,0,0,5,PIT,1,38,44.5,44.5,33.66666667,33.66666667,38,2,3,93,86,86,93,93,93,3,3,3,3,3,3,130.9236419,SHOT,20002,0,8481668,Arturs Silovs,0,0,0,5,NYR,0,0,182,1,0,BLOCK,0,0,HOME,40,-40,36,-36,HOMEZONE,0,2,43,0,L,2025,L,Conor Sheary,8477839,15,15,30.6,47,47,19.66666667,19.66666667,30.6,2,3,65,65,65,42,42,65,2,29,29,2,2,2,61.50436138,61.50436138,0,0,0,39.8246155,0,0,0,0,1,0,0,0,WRIST,1,14.54707132,HOME,NYR,2163,-1,152,9,5,-70,70,0.226713,0.0094636,0.407602,0.303159,0.0224909,0.0305718,0.757661,-35,35
129,54,52,52,39,39,0,0,0,0,5,PIT,1,34.4,59.5,10,17.66666667,10,10,2,3,101,101,10,20,10,10,15,18,10,15,10,10,67.47592163,MISS,20002,0,8481668,Arturs Silovs,0,0,0,5,NYR,0,0,186,1,0,BLOCK,0,0,HOME,60,60,-28,-28,AWAYZONE,0,2,50,0,L,2025,L,Will Cuylle,8482157,10,10,30.8,28.5,10,32.33333333,10,10,2,3,57,44,10,57,10,10,10,13,10,10,10,10,46.50743576,46.50743576,0,0,0,53.75872022,0,0,0,0,1,0,0,0,WRIST,0,7.497324626,HOME,NYR,2178,0,10,9,14,52,52,0.18791,0.00661104,0.493338,0.26186,0.0226168,0.027664,0.689703,39,39
130,24,70,70,-14,14,-38.6,0,0,0,5,PIT,1,51.8,65,65,43,43,51.8,2,3,77,77,77,59,59,77,19,53,53,19,19,19,31.144823,SHOT,20002,0,8481668,Arturs Silovs,0,0,0,5,NYR,0,0,193,1,0,GIVE,0,0,AWAY,73,73,17,17,AWAYZONE,0,2,93,0,C,2025,R,Mika Zibanejad,8476459,7,7,13.2,5.5,5.5,18.33333333,18.33333333,13.2,2,3,43,7,7,43,43,43,4,4,4,5,5,4,-36.38435182,36.38435182,0,0,0,23.60084744,1,0,0,0,0,0,0,0,WRIST,1,10.38160767,HOME,NYR,2268,-15,100,3,1,70,70,0.172411,0.102117,0.38597,0.256239,0.0263525,0.0569109,0.733907,-14,-14
131,7.071067812,84,84,-5,5,-38.6,0,0,0,5,PIT,1,52.8,66,66,44,44,52.8,2,3,78,78,78,60,60,78,20,54,54,20,20,20,16.64331698,MISS,20002,0,8481668,Arturs Silovs,0,0,0,5,NYR,0,0,194,1,0,SHOT,-36.38435182,23.60084744,HOME,70,70,-14,-14,AWAYZONE,0,2,93,93,C,2025,R,Mika Zibanejad,8476459,8,8,14.2,6.5,6.5,19.33333333,19.33333333,14.2,2,3,44,8,8,44,44,44,5,5,5,6,6,5,-45,45,8.615648184,8.615648184,0,7.071067812,1,0,0,0,0,0,1,0,WRIST,0,16.64331698,HOME,NYR,2269,-15,101,1,2,84,84,0.381435,0.139897,0.244246,0.104358,0.034293,0.0957713,0.950194,-5,-5
132,21,83,83,-20,20,-38.6,0,0,0,5,PIT,1,54.8,68,68,46,46,54.8,2,3,80,80,80,62,62,80,22,56,56,22,22,22,15.03329638,SHOT,20002,0,8481668,Arturs Silovs,0,0,0,5,NYR,0,0,195,1,0,MISS,-45,7.071067812,HOME,84,84,-5,-5,AWAYZONE,1,2,50,93,L,2025,L,Will Cuylle,8482157,8,8,16.2,8.5,8.5,21.33333333,21.33333333,16.2,2,3,46,10,10,46,46,46,7,7,7,8,8,7,-73.30075577,73.30075577,28.30075577,14.15037788,0,20.88061302,0,0,0,0,1,0,1,0,WRIST,1,7.516648189,HOME,NYR,2271,-15,103,2,18,83,83,0.24967,0.0583879,0.380456,0.203464,0.0409816,0.0670402,0.735213,-20,-20
133,41,49,49,8,8,1.4,0,0,0,5,PIT,1,19.8,15.5,15.5,22.66666667,22.66666667,19.8,2,3,36,17,17,36,36,36,14,14,14,15,15,14,133.5402561,SHOT,20002,0,8481668,Arturs Silovs,0,0,0,5,NYR,0,0,198,1,0,BLOCK,0,0,AWAY,-84,-84,-4,-4,AWAYZONE,0,2,13,0,L,2025,L,Alexis Lafreniere,8482109,22,22,21.2,32,32,14,14,21.2,2,3,64,64,64,22,22,64,0,0,0,1,1,0,11.30993247,11.30993247,11.30993247,1.130993247,0,40.79215611,0,0,0,1,0,0,0,0,SNAP,1,13.35402561,HOME,NYR,2325,-14,157,10,10,49,49,0.196619,0.0370516,0.408792,0.301938,0.0228086,0.0327911,0.720842,8,8
134,37,58,58,-21,21,0,0,120,110,4,PIT,1,16.75,23.5,10,10,10,10,2,2,37,37,10,10,10,10,10,10,10,10,10,10,24.35159132,SHOT,20002,0,8481668,Arturs Silovs,0,0,0,5,NYR,0,0,203,1,0,TAKE,0,0,HOME,81,81,-29,-29,AWAYZONE,0,2,10,0,L,2025,R,Artemi Panarin,8478550,39,10,18,10,10,20,10,10,1,4,39,10,10,39,10,10,10,10,10,10,10,10,-34.11447295,34.11447295,0,0,0,37.44329045,0,1,0,0,0,0,0,0,SLAP,1,2.705732369,HOME,NYR,2345,0,10,9,2,58,58,0.118506,0.0598896,0.499763,0.249006,0.0265711,0.0462639,0.69,-21,-21
135,33,63,63,21,21,0,0,120,79,4,PIT,1,47.75,54.5,29,41,29,29,2,2,68,68,29,41,29,29,41,41,29,41,29,29,42.43819035,SHOT,20002,0,8481668,Arturs Silovs,0,0,0,5,NYR,0,0,207,1,0,GIVE,0,0,AWAY,98,98,-3,-3,AWAYZONE,1,2,93,0,C,2025,R,Mika Zibanejad,8476459,41,29,49,41,29,51,29,29,1,4,70,41,29,70,29,29,41,41,29,41,29,29,38.92754359,38.92754359,0,0,0,33.42154993,0,1,0,0,0,0,0,0,WRIST,1,3.264476181,HOME,NYR,2376,0,29,13,2,63,63,0.150062,0.0707564,0.494415,0.214853,0.0163172,0.0535956,0.721409,21,21
136,7.810249676,-84,84,6,6,0.6,0,0,0,5,PIT,1,22.8,29.33333333,12,13,13,12.4,3,2,65,65,13,13,13,13,10,10,10,13,13,10,18.43908891,SHOT,20002,0,8481668,Arturs Silovs,0,0,0,5,NYR,0,0,217,1,0,BLOCK,0,0,HOME,-80,80,-12,12,AWAYZONE,0,3,14,0,R,2025,R,Taylor Raddysh,8479390,13,13,14.6,13,13,15.66666667,13,13,2,3,21,13,13,21,13,13,13,13,13,13,13,13,-50.19442891,50.19442891,0,0,0,7.810249676,0,0,0,1,0,0,0,0,TIP,1,2.634155559,HOME,NYR,2465,3,13,7,7,-84,84,0.118067,0.0959903,0.418438,0.278514,0.0237824,0.0652085,0.721246,6,-6
137,53,-36,36,6,6,0,0,0,0,5,PIT,1,14,20,2,10,2,2,2,3,30,30,2,10,2,2,10,10,2,10,2,2,36.67424164,MISS,20002,0,8481668,Arturs Silovs,0,0,0,5,NYR,0,0,225,1,0,FAC,0,0,HOME,-69,69,22,-22,AWAYZONE,0,3,10,0,L,2025,R,Artemi Panarin,8478550,10,2,12.8,17,2,10,2,2,2,3,24,24,2,10,2,2,10,10,2,10,2,2,-6.458816379,6.458816379,0,0,0,53.33854141,0,0,0,0,1,0,0,0,SLAP,0,18.33712082,HOME,NYR,2507,0,2,2,19,-36,36,0.367249,0.0367077,0.318934,0.202099,0.0259154,0.0490947,0.810619,6,-6
138,68,29,29,31,31,-17.4,0,0,0,5,PIT,1,31.6,31.5,31.5,31.66666667,29,30,2,3,69,35,35,69,61,61,11,28,28,11,11,11,94.81033699,MISS,20002,0,8478048,Igor Shesterkin,0,0,0,5,NYR,0,0,228,0,0,BLOCK,0,0,HOME,-46,-46,-27,-27,HOMEZONE,0,3,5,0,D,2025,L,Ryan Shea,8478854,6,6,12.6,11,11,13.66666667,13.66666667,12.6,2,3,18,16,16,18,18,18,6,6,6,6,6,6,27.3238913,27.3238913,27.3238913,1.050918896,0,67.53517602,0,0,0,1,0,0,0,0,WRIST,0,3.646551423,AWAY,PIT,2566,-5,61,26,4,29,29,0.210645,0.00840866,0.424767,0.309691,0.02257,0.0239181,0.704007,31,31
139,31,82,82,-30,30,-17.4,0,0,0,5,PIT,1,35.6,35.5,35.5,35.66666667,33,34,2,3,73,39,39,73,65,65,15,32,32,15,15,15,80.8084154,SHOT,20002,0,8478048,Igor Shesterkin,0,0,0,5,NYR,0,0,229,0,0,MISS,27.3238913,67.53517602,AWAY,29,29,31,31,HOMEZONE,0,3,58,5,D,2025,R,Kris Letang,8471724,20,20,16.6,15,15,17.66666667,17.66666667,16.6,2,3,22,20,20,22,22,22,10,10,10,10,10,10,-76.86597769,76.86597769,104.189869,26.04746725,1,30.8058436,1,0,0,0,0,0,0,0,WRIST,1,20.20210385,AWAY,PIT,2570,-5,65,4,1,82,82,0.158231,0.0228213,0.445608,0.287335,0.0341778,0.0518267,0.702739,-30,-30
140,5.385164807,84,84,-2,2,-17.4,0,0,0,5,PIT,1,36.6,36.5,36.5,36.66666667,34,35,2,3,74,40,40,74,66,66,16,33,33,16,16,16,28.0713377,SHOT,20002,0,8478048,Igor Shesterkin,0,0,0,5,NYR,0,0,230,0,0,SHOT,-76.86597769,30.8058436,AWAY,82,82,-30,-30,HOMEZONE,0,3,16,58,R,2025,R,Justin Brazeau,8479638,22,22,17.6,16,16,18.66666667,18.66666667,17.6,2,3,23,21,21,23,23,23,11,11,11,11,11,11,-21.80140949,21.80140949,55.06456821,55.06456821,0,5.385164807,1,0,0,0,0,0,1,0,WRIST,1,28.0713377,AWAY,PIT,2571,-5,66,1,1,84,84,0.211158,0.450562,0.150197,0.0895092,0.0251556,0.0734182,0.97797,-2,-2
141,5.830951895,84,84,-3,3,-17.4,0,0,0,5,PIT,1,37.6,37.5,37.5,37.66666667,35,36,2,3,75,41,41,75,67,67,17,34,34,17,17,17,1,SHOT,20002,0,8478048,Igor Shesterkin,0,0,0,5,NYR,0,0,231,0,0,SHOT,-21.80140949,5.385164807,AWAY,84,84,-2,-2,HOMEZONE,0,3,16,16,R,2025,R,Justin Brazeau,8479638,23,23,18.6,17,17,19.66666667,19.66666667,18.6,2,3,24,22,22,24,24,24,12,12,12,12,12,12,-30.96375653,30.96375653,9.162347046,9.162347046,0,5.830951895,0,1,0,0,0,0,1,0,SNAP,1,1,AWAY,PIT,2572,-5,67,1,1,84,84,0.330278,0.215218,0.213847,0.115993,0.0360813,0.0885825,0.974724,-3,-3
142,21,76,76,-16,16,0,0,0,0,5,PIT,1,19,11,11,24.33333333,11,11,2,3,33,11,11,33,11,11,11,11,11,11,11,11,9.219544457,SHOT,20002,0,8478048,Igor Shesterkin,0,0,0,5,NYR,0,0,234,0,0,FAC,0,0,AWAY,69,69,-22,-22,HOMEZONE,1,3,39,0,R,2025,L,Anthony Mantha,8477511,24,11,30.6,29,11,31.66666667,11,11,2,3,36,34,11,36,11,11,24,24,11,24,11,11,-50.90614111,50.90614111,0,0,0,20.61552813,0,0,0,1,0,0,0,0,BACK,1,0.838140405,AWAY,PIT,2584,0,11,11,6,76,76,0.119304,0.017089,0.495266,0.307904,0.0159619,0.044475,0.654255,-16,-16
143,23,66,66,2,2,0,0,0,0,5,PIT,1,25,17,17,30.33333333,17,17,2,3,39,17,17,39,17,17,17,17,17,17,17,17,20.59126028,SHOT,20002,0,8478048,Igor Shesterkin,0,0,0,5,NYR,0,0,235,0,0,SHOT,-50.90614111,20.61552813,AWAY,76,76,-16,-16,HOMEZONE,0,3,39,39,R,2025,L,Anthony Mantha,8477511,30,17,36.6,35,17,37.66666667,17,17,2,3,42,40,17,42,17,17,30,30,17,30,17,17,4.969740728,4.969740728,55.87588184,9.312646974,1,23.08679276,0,0,0,1,0,0,0,0,WRIST,1,3.431876714,AWAY,PIT,2590,0,17,6,6,66,66,0.0868925,0.0723953,0.47334,0.282669,0.0171124,0.0675903,0.675906,2,2
144,68,27,27,-27,27,6.6,0,0,0,5,PIT,1,30.2,31.5,31.5,29.33333333,29.33333333,30.2,2,3,32,32,32,32,32,32,26,31,31,26,26,26,73.06161783,SHOT,20002,0,8478048,Igor Shesterkin,0,0,0,5,NYR,0,0,240,0,0,HIT,0,0,HOME,64,64,36,36,HOMEZONE,0,3,45,0,D,2025,,Harrison Brunicke,8484839,49,49,36.8,48.5,48.5,29,29,36.8,2,3,49,49,49,30,30,49,28,48,48,28,28,28,-23.53234856,23.53234856,0,0,0,67.62396025,0,0,0,1,0,0,0,0,SNAP,1,1.97463832,AWAY,PIT,2692,2,119,37,3,27,27,0.18382,0.011334,0.343746,0.418808,0.0216875,0.0206043,0.711993,-27,-27
145,71,27,27,-34,34,0,0,0,0,5,PIT,1,26,26,26,26,26,26,2,3,26,26,26,26,26,26,26,26,26,26,26,26,86.28441342,MISS,20002,0,8478048,Igor Shesterkin,0,0,0,5,NYR,0,0,245,0,0,HIT,0,0,AWAY,73,73,39,39,HOMEZONE,0,3,16,0,R,2025,R,Justin Brazeau,8479638,26,26,26,26,26,26,26,26,2,3,26,26,26,26,26,26,26,26,26,26,26,26,-28.73979529,28.73979529,0,0,0,70.71067812,0,0,0,0,1,0,0,0,TIP,0,14.38073557,AWAY,PIT,2721,0,26,6,23,27,27,0.178535,0.0189348,0.424801,0.320683,0.0308062,0.0262394,0.766583,-34,-34
146,52,40,40,-16,16,-6.4,0,0,0,5,PIT,1,40.6,43,43,39,39,40.6,2,3,44,44,44,43,43,44,33,42,42,33,33,33,56.29387178,SHOT,20002,0,8478048,Igor Shesterkin,0,0,0,5,NYR,0,0,248,0,0,HIT,0,0,HOME,95,95,-4,-4,HOMEZONE,1,3,82,0,D,2025,L,Caleb Jones,8478452,31,31,34.2,32.5,32.5,35.33333333,35.33333333,34.2,2,3,38,34,34,38,38,38,31,31,31,31,31,31,-18.08344538,18.08344538,0,0,0,51.54609588,0,0,0,0,1,0,0,0,WRIST,1,8.041981683,AWAY,PIT,2781,-2,86,7,10,40,40,0.150875,0.0136993,0.477689,0.297476,0.018653,0.0416069,0.602278,-16,-16
147,22,74,74,16,16,-15,0,0,0,5,PIT,1,55.6,58,58,54,54,55.6,2,3,59,59,59,58,58,59,48,57,57,48,48,48,21.37755833,SHOT,20002,0,8478048,Igor Shesterkin,0,0,0,5,NYR,0,0,250,0,0,HIT,0,0,HOME,78,78,37,37,HOMEZONE,1,3,53,0,R,2025,R,Philip Tomasino,8481577,52,52,40.6,26,26,50.33333333,50.33333333,40.6,2,3,53,46,46,53,53,53,6,6,6,46,46,6,46.84761027,46.84761027,0,0,0,21.9317122,0,0,0,1,0,0,0,0,WRIST,1,4.275511665,AWAY,PIT,2796,-42,101,5,5,74,74,0.108783,0.0489126,0.460226,0.303462,0.0198459,0.0587703,0.699532,16,16
148,57,-33,33,-11,11,-14.2,0,0,0,5,PIT,1,32.6,23,23,39,39,32.6,2,3,40,40,40,40,40,40,6,6,6,38,38,6,96.84007435,SHOT,20002,0,8481668,Arturs Silovs,0,0,0,5,NYR,0,0,255,1,0,GIVE,0,0,AWAY,60,-60,16,-16,AWAYZONE,1,3,93,0,C,2025,R,Mika Zibanejad,8476459,18,18,18.4,20,20,17.33333333,17.33333333,18.4,2,3,39,39,39,34,34,39,0,1,1,0,0,0,11.11304054,11.11304054,0,0,0,57.07013229,0,0,0,1,0,0,0,0,WRIST,1,19.36801487,HOME,NYR,2890,-6,195,5,3,-33,33,0.216229,0.0198232,0.405125,0.296897,0.0239161,0.0380095,0.681706,-11,11
149,17,74,74,8,8,0,0,0,0,5,PIT,1,21,21,21,21,21,21,2,3,21,21,21,21,21,21,21,21,21,21,21,21,30.23243292,MISS,20002,0,8478048,Igor Shesterkin,0,0,0,5,NYR,0,0,262,0,0,HIT,0,0,AWAY,91,91,33,33,HOMEZONE,1,3,16,0,R,2025,R,Justin Brazeau,8479638,42,21,29.4,21,21,35,21,21,2,3,42,21,21,42,21,21,21,21,21,23,21,21,28.07248694,28.07248694,0,0,0,17,0,0,0,1,0,0,0,0,WRIST,0,15.11621646,AWAY,PIT,2942,0,21,2,10,74,74,0.160189,0.118669,0.36259,0.251595,0.0212713,0.0856859,0.832011,8,8
